1,1,0,c,2,2,0,4|1,0
1,1,1,c,2,2,0,4|1,0
1,1,2,c,2,2,0,4|1,0
1,1,3,c,2,2,0,4|0,1
1,1,4,c,2,2,0,4|0,1
1,1,5,c,2,2,0,4|0,1
1,1,6,c,2,2,0,4|0,1
1,1,7,c,2,2,0,4|0,1
1,1,8,c,2,2,0,4|0,1
1,2,0,c,2,2,0,4|2,0
1,2,1,c,2,2,0,4|2,0
1,2,2,c,2,2,0,4|1,1
1,2,3,c,2,2,0,4|1,1
1,2,4,c,2,2,0,4|0,2
1,2,5,c,2,2,0,4|0,2
1,2,6,c,2,2,0,4|0,2
1,2,7,c,2,2,0,4|0,2
1,2,8,c,2,2,0,4|0,2
1,3,0,c,2,2,0,4|3,0
1,3,1,c,2,2,0,4|2,1
1,3,2,c,2,2,0,4|2,1
1,3,3,c,2,2,0,4|1,2
1,3,4,c,2,2,0,4|0,3
1,3,5,c,2,2,0,4|0,3
1,3,6,c,2,2,0,4|0,3
1,3,7,c,2,2,0,4|0,3
1,3,8,c,2,2,0,4|0,3
1,7,0,c,2,2,0,4|7,0
1,7,1,c,2,2,0,4|5,2
1,7,2,c,2,2,0,4|4,3
1,7,3,c,2,2,0,4|2,5
1,7,4,c,2,2,0,4|0,7
1,7,5,c,2,2,0,4|0,7
1,7,6,c,2,2,0,4|0,7
1,7,7,c,2,2,0,4|0,7
1,7,8,c,2,2,0,4|0,7
1,8,0,c,2,2,0,4|8,0
1,8,1,c,2,2,0,4|6,2
1,8,2,c,2,2,0,4|4,4
1,8,3,c,2,2,0,4|2,6
1,8,4,c,2,2,0,4|0,8
1,8,5,c,2,2,0,4|0,8
1,8,6,c,2,2,0,4|0,8
1,8,7,c,2,2,0,4|0,8
1,8,8,c,2,2,0,4|0,8
1,16,0,c,2,2,0,4|16,0
1,16,1,c,2,2,0,4|12,4
1,16,2,c,2,2,0,4|8,8
1,16,3,c,2,2,0,4|4,12
1,16,4,c,2,2,0,4|0,16
1,16,5,c,2,2,0,4|0,16
1,16,6,c,2,2,0,4|0,16
1,16,7,c,2,2,0,4|0,16
1,16,8,c,2,2,0,4|0,16
1,63,0,c,2,2,0,4|63,0
1,63,1,c,2,2,0,4|47,16
1,63,2,c,2,2,0,4|32,31
1,63,3,c,2,2,0,4|16,47
1,63,4,c,2,2,0,4|0,63
1,63,5,c,2,2,0,4|0,63
1,63,6,c,2,2,0,4|0,63
1,63,7,c,2,2,0,4|0,63
1,63,8,c,2,2,0,4|0,63
1,1000,0,c,2,2,0,4|1000,0
1,1000,1,c,2,2,0,4|750,250
1,1000,2,c,2,2,0,4|500,500
1,1000,3,c,2,2,0,4|250,750
1,1000,4,c,2,2,0,4|0,1000
1,1000,5,c,2,2,0,4|0,1000
1,1000,6,c,2,2,0,4|0,1000
1,1000,7,c,2,2,0,4|0,1000
1,1000,8,c,2,2,0,4|0,1000
2,1,0,c,2,2,0,4|1,0,0
2,1,1,c,2,2,0,4|1,0,0
2,1,2,c,2,2,0,4|0,1,0
2,1,3,c,2,2,0,4|0,0,1
2,1,4,c,2,2,0,4|0,0,1
2,1,5,c,2,2,0,4|0,0,1
2,1,6,c,2,2,0,4|0,0,1
2,1,7,c,2,2,0,4|0,0,1
2,1,8,c,2,2,0,4|0,0,1
2,2,0,c,2,2,0,4|2,0,0
2,2,1,c,2,2,0,4|1,1,0
2,2,2,c,2,2,0,4|1,1,0
2,2,3,c,2,2,0,4|0,1,1
2,2,4,c,2,2,0,4|0,0,2
2,2,5,c,2,2,0,4|0,0,2
2,2,6,c,2,2,0,4|0,0,2
2,2,7,c,2,2,0,4|0,0,2
2,2,8,c,2,2,0,4|0,0,2
2,3,0,c,2,2,0,4|3,0,0
2,3,1,c,2,2,0,4|2,1,0
2,3,2,c,2,2,0,4|1,1,1
2,3,3,c,2,2,0,4|0,1,2
2,3,4,c,2,2,0,4|0,0,3
2,3,5,c,2,2,0,4|0,0,3
2,3,6,c,2,2,0,4|0,0,3
2,3,7,c,2,2,0,4|0,0,3
2,3,8,c,2,2,0,4|0,0,3
2,7,0,c,2,2,0,4|7,0,0
2,7,1,c,2,2,0,4|4,3,0
2,7,2,c,2,2,0,4|2,3,2
2,7,3,c,2,2,0,4|0,3,4
2,7,4,c,2,2,0,4|0,0,7
2,7,5,c,2,2,0,4|0,0,7
2,7,6,c,2,2,0,4|0,0,7
2,7,7,c,2,2,0,4|0,0,7
2,7,8,c,2,2,0,4|0,0,7
2,8,0,c,2,2,0,4|8,0,0
2,8,1,c,2,2,0,4|5,3,0
2,8,2,c,2,2,0,4|2,4,2
2,8,3,c,2,2,0,4|1,3,4
2,8,4,c,2,2,0,4|0,0,8
2,8,5,c,2,2,0,4|0,0,8
2,8,6,c,2,2,0,4|0,0,8
2,8,7,c,2,2,0,4|0,0,8
2,8,8,c,2,2,0,4|0,0,8
2,16,0,c,2,2,0,4|16,0,0
2,16,1,c,2,2,0,4|9,6,1
2,16,2,c,2,2,0,4|4,8,4
2,16,3,c,2,2,0,4|1,6,9
2,16,4,c,2,2,0,4|0,0,16
2,16,5,c,2,2,0,4|0,0,16
2,16,6,c,2,2,0,4|0,0,16
2,16,7,c,2,2,0,4|0,0,16
2,16,8,c,2,2,0,4|0,0,16
2,63,0,c,2,2,0,4|63,0,0
2,63,1,c,2,2,0,4|35,24,4
2,63,2,c,2,2,0,4|16,31,16
2,63,3,c,2,2,0,4|4,24,35
2,63,4,c,2,2,0,4|0,0,63
2,63,5,c,2,2,0,4|0,0,63
2,63,6,c,2,2,0,4|0,0,63
2,63,7,c,2,2,0,4|0,0,63
2,63,8,c,2,2,0,4|0,0,63
2,1000,0,c,2,2,0,4|1000,0,0
2,1000,1,c,2,2,0,4|563,375,62
2,1000,2,c,2,2,0,4|250,500,250
2,1000,3,c,2,2,0,4|63,375,562
2,1000,4,c,2,2,0,4|0,0,1000
2,1000,5,c,2,2,0,4|0,0,1000
2,1000,6,c,2,2,0,4|0,0,1000
2,1000,7,c,2,2,0,4|0,0,1000
2,1000,8,c,2,2,0,4|0,0,1000
3,1,0,c,2,2,0,4|1,0,0,0
3,1,1,c,2,2,0,4|1,0,0,0
3,1,2,c,2,2,0,4|0,1,0,0
3,1,3,c,2,2,0,4|0,0,1,0
3,1,4,c,2,2,0,4|0,0,0,1
3,1,5,c,2,2,0,4|0,0,0,1
3,1,6,c,2,2,0,4|0,0,0,1
3,1,7,c,2,2,0,4|0,0,0,1
3,1,8,c,2,2,0,4|0,0,0,1
3,2,0,c,2,2,0,4|2,0,0,0
3,2,1,c,2,2,0,4|1,1,0,0
3,2,2,c,2,2,0,4|0,1,1,0
3,2,3,c,2,2,0,4|0,0,1,1
3,2,4,c,2,2,0,4|0,0,0,2
3,2,5,c,2,2,0,4|0,0,0,2
3,2,6,c,2,2,0,4|0,0,0,2
3,2,7,c,2,2,0,4|0,0,0,2
3,2,8,c,2,2,0,4|0,0,0,2
3,3,0,c,2,2,0,4|3,0,0,0
3,3,1,c,2,2,0,4|1,1,1,0
3,3,2,c,2,2,0,4|1,1,1,0
3,3,3,c,2,2,0,4|0,1,1,1
3,3,4,c,2,2,0,4|0,0,0,3
3,3,5,c,2,2,0,4|0,0,0,3
3,3,6,c,2,2,0,4|0,0,0,3
3,3,7,c,2,2,0,4|0,0,0,3
3,3,8,c,2,2,0,4|0,0,0,3
3,7,0,c,2,2,0,4|7,0,0,0
3,7,1,c,2,2,0,4|3,3,1,0
3,7,2,c,2,2,0,4|1,3,2,1
3,7,3,c,2,2,0,4|0,1,3,3
3,7,4,c,2,2,0,4|0,0,0,7
3,7,5,c,2,2,0,4|0,0,0,7
3,7,6,c,2,2,0,4|0,0,0,7
3,7,7,c,2,2,0,4|0,0,0,7
3,7,8,c,2,2,0,4|0,0,0,7
3,8,0,c,2,2,0,4|8,0,0,0
3,8,1,c,2,2,0,4|4,3,1,0
3,8,2,c,2,2,0,4|1,3,3,1
3,8,3,c,2,2,0,4|0,1,4,3
3,8,4,c,2,2,0,4|0,0,0,8
3,8,5,c,2,2,0,4|0,0,0,8
3,8,6,c,2,2,0,4|0,0,0,8
3,8,7,c,2,2,0,4|0,0,0,8
3,8,8,c,2,2,0,4|0,0,0,8
3,16,0,c,2,2,0,4|16,0,0,0
3,16,1,c,2,2,0,4|7,7,2,0
3,16,2,c,2,2,0,4|2,6,6,2
3,16,3,c,2,2,0,4|0,2,7,7
3,16,4,c,2,2,0,4|0,0,0,16
3,16,5,c,2,2,0,4|0,0,0,16
3,16,6,c,2,2,0,4|0,0,0,16
3,16,7,c,2,2,0,4|0,0,0,16
3,16,8,c,2,2,0,4|0,0,0,16
3,63,0,c,2,2,0,4|63,0,0,0
3,63,1,c,2,2,0,4|27,26,9,1
3,63,2,c,2,2,0,4|8,24,23,8
3,63,3,c,2,2,0,4|1,9,27,26
3,63,4,c,2,2,0,4|0,0,0,63
3,63,5,c,2,2,0,4|0,0,0,63
3,63,6,c,2,2,0,4|0,0,0,63
3,63,7,c,2,2,0,4|0,0,0,63
3,63,8,c,2,2,0,4|0,0,0,63
3,1000,0,c,2,2,0,4|1000,0,0,0
3,1000,1,c,2,2,0,4|422,422,141,15
3,1000,2,c,2,2,0,4|125,375,375,125
3,1000,3,c,2,2,0,4|16,140,422,422
3,1000,4,c,2,2,0,4|0,0,0,1000
3,1000,5,c,2,2,0,4|0,0,0,1000
3,1000,6,c,2,2,0,4|0,0,0,1000
3,1000,7,c,2,2,0,4|0,0,0,1000
3,1000,8,c,2,2,0,4|0,0,0,1000
1,1,0,c,2,3,0,4,8|1,0,0
1,1,1,c,2,3,0,4,8|1,0,0
1,1,2,c,2,3,0,4,8|1,0,0
1,1,3,c,2,3,0,4,8|0,1,0
1,1,4,c,2,3,0,4,8|0,1,0
1,1,5,c,2,3,0,4,8|0,1,0
1,1,6,c,2,3,0,4,8|0,1,0
1,1,7,c,2,3,0,4,8|0,0,1
1,1,8,c,2,3,0,4,8|0,0,1
1,1,9,c,2,3,0,4,8|0,0,1
1,1,10,c,2,3,0,4,8|0,0,1
1,1,11,c,2,3,0,4,8|0,0,1
1,1,12,c,2,3,0,4,8|0,0,1
1,2,0,c,2,3,0,4,8|2,0,0
1,2,1,c,2,3,0,4,8|2,0,0
1,2,2,c,2,3,0,4,8|1,1,0
1,2,3,c,2,3,0,4,8|1,1,0
1,2,4,c,2,3,0,4,8|0,2,0
1,2,5,c,2,3,0,4,8|0,2,0
1,2,6,c,2,3,0,4,8|0,1,1
1,2,7,c,2,3,0,4,8|0,1,1
1,2,8,c,2,3,0,4,8|0,0,2
1,2,9,c,2,3,0,4,8|0,0,2
1,2,10,c,2,3,0,4,8|0,0,2
1,2,11,c,2,3,0,4,8|0,0,2
1,2,12,c,2,3,0,4,8|0,0,2
1,3,0,c,2,3,0,4,8|3,0,0
1,3,1,c,2,3,0,4,8|2,1,0
1,3,2,c,2,3,0,4,8|2,1,0
1,3,3,c,2,3,0,4,8|1,2,0
1,3,4,c,2,3,0,4,8|0,3,0
1,3,5,c,2,3,0,4,8|0,2,1
1,3,6,c,2,3,0,4,8|0,2,1
1,3,7,c,2,3,0,4,8|0,1,2
1,3,8,c,2,3,0,4,8|0,0,3
1,3,9,c,2,3,0,4,8|0,0,3
1,3,10,c,2,3,0,4,8|0,0,3
1,3,11,c,2,3,0,4,8|0,0,3
1,3,12,c,2,3,0,4,8|0,0,3
1,7,0,c,2,3,0,4,8|7,0,0
1,7,1,c,2,3,0,4,8|5,2,0
1,7,2,c,2,3,0,4,8|4,3,0
1,7,3,c,2,3,0,4,8|2,5,0
1,7,4,c,2,3,0,4,8|0,7,0
1,7,5,c,2,3,0,4,8|0,5,2
1,7,6,c,2,3,0,4,8|0,4,3
1,7,7,c,2,3,0,4,8|0,2,5
1,7,8,c,2,3,0,4,8|0,0,7
1,7,9,c,2,3,0,4,8|0,0,7
1,7,10,c,2,3,0,4,8|0,0,7
1,7,11,c,2,3,0,4,8|0,0,7
1,7,12,c,2,3,0,4,8|0,0,7
1,8,0,c,2,3,0,4,8|8,0,0
1,8,1,c,2,3,0,4,8|6,2,0
1,8,2,c,2,3,0,4,8|4,4,0
1,8,3,c,2,3,0,4,8|2,6,0
1,8,4,c,2,3,0,4,8|0,8,0
1,8,5,c,2,3,0,4,8|0,6,2
1,8,6,c,2,3,0,4,8|0,4,4
1,8,7,c,2,3,0,4,8|0,2,6
1,8,8,c,2,3,0,4,8|0,0,8
1,8,9,c,2,3,0,4,8|0,0,8
1,8,10,c,2,3,0,4,8|0,0,8
1,8,11,c,2,3,0,4,8|0,0,8
1,8,12,c,2,3,0,4,8|0,0,8
1,16,0,c,2,3,0,4,8|16,0,0
1,16,1,c,2,3,0,4,8|12,4,0
1,16,2,c,2,3,0,4,8|8,8,0
1,16,3,c,2,3,0,4,8|4,12,0
1,16,4,c,2,3,0,4,8|0,16,0
1,16,5,c,2,3,0,4,8|0,12,4
1,16,6,c,2,3,0,4,8|0,8,8
1,16,7,c,2,3,0,4,8|0,4,12
1,16,8,c,2,3,0,4,8|0,0,16
1,16,9,c,2,3,0,4,8|0,0,16
1,16,10,c,2,3,0,4,8|0,0,16
1,16,11,c,2,3,0,4,8|0,0,16
1,16,12,c,2,3,0,4,8|0,0,16
1,63,0,c,2,3,0,4,8|63,0,0
1,63,1,c,2,3,0,4,8|47,16,0
1,63,2,c,2,3,0,4,8|32,31,0
1,63,3,c,2,3,0,4,8|16,47,0
1,63,4,c,2,3,0,4,8|0,63,0
1,63,5,c,2,3,0,4,8|0,47,16
1,63,6,c,2,3,0,4,8|0,32,31
1,63,7,c,2,3,0,4,8|0,16,47
1,63,8,c,2,3,0,4,8|0,0,63
1,63,9,c,2,3,0,4,8|0,0,63
1,63,10,c,2,3,0,4,8|0,0,63
1,63,11,c,2,3,0,4,8|0,0,63
1,63,12,c,2,3,0,4,8|0,0,63
1,1000,0,c,2,3,0,4,8|1000,0,0
1,1000,1,c,2,3,0,4,8|750,250,0
1,1000,2,c,2,3,0,4,8|500,500,0
1,1000,3,c,2,3,0,4,8|250,750,0
1,1000,4,c,2,3,0,4,8|0,1000,0
1,1000,5,c,2,3,0,4,8|0,750,250
1,1000,6,c,2,3,0,4,8|0,500,500
1,1000,7,c,2,3,0,4,8|0,250,750
1,1000,8,c,2,3,0,4,8|0,0,1000
1,1000,9,c,2,3,0,4,8|0,0,1000
1,1000,10,c,2,3,0,4,8|0,0,1000
1,1000,11,c,2,3,0,4,8|0,0,1000
1,1000,12,c,2,3,0,4,8|0,0,1000
2,1,0,c,2,3,0,4,8|1,0,0,0
2,1,1,c,2,3,0,4,8|1,0,0,0
2,1,2,c,2,3,0,4,8|0,1,0,0
2,1,3,c,2,3,0,4,8|0,1,0,0
2,1,4,c,2,3,0,4,8|0,1,0,0
2,1,5,c,2,3,0,4,8|0,0,1,0
2,1,6,c,2,3,0,4,8|0,0,1,0
2,1,7,c,2,3,0,4,8|0,0,0,1
2,1,8,c,2,3,0,4,8|0,0,0,1
2,1,9,c,2,3,0,4,8|0,0,0,1
2,1,10,c,2,3,0,4,8|0,0,0,1
2,1,11,c,2,3,0,4,8|0,0,0,1
2,1,12,c,2,3,0,4,8|0,0,0,1
2,2,0,c,2,3,0,4,8|2,0,0,0
2,2,1,c,2,3,0,4,8|1,1,0,0
2,2,2,c,2,3,0,4,8|1,1,0,0
2,2,3,c,2,3,0,4,8|0,1,1,0
2,2,4,c,2,3,0,4,8|0,1,1,0
2,2,5,c,2,3,0,4,8|0,1,1,0
2,2,6,c,2,3,0,4,8|0,0,1,1
2,2,7,c,2,3,0,4,8|0,0,1,1
2,2,8,c,2,3,0,4,8|0,0,0,2
2,2,9,c,2,3,0,4,8|0,0,0,2
2,2,10,c,2,3,0,4,8|0,0,0,2
2,2,11,c,2,3,0,4,8|0,0,0,2
2,2,12,c,2,3,0,4,8|0,0,0,2
2,3,0,c,2,3,0,4,8|3,0,0,0
2,3,1,c,2,3,0,4,8|2,1,0,0
2,3,2,c,2,3,0,4,8|1,2,0,0
2,3,3,c,2,3,0,4,8|0,2,1,0
2,3,4,c,2,3,0,4,8|0,2,1,0
2,3,5,c,2,3,0,4,8|0,1,2,0
2,3,6,c,2,3,0,4,8|0,0,2,1
2,3,7,c,2,3,0,4,8|0,0,1,2
2,3,8,c,2,3,0,4,8|0,0,0,3
2,3,9,c,2,3,0,4,8|0,0,0,3
2,3,10,c,2,3,0,4,8|0,0,0,3
2,3,11,c,2,3,0,4,8|0,0,0,3
2,3,12,c,2,3,0,4,8|0,0,0,3
2,7,0,c,2,3,0,4,8|7,0,0,0
2,7,1,c,2,3,0,4,8|4,3,0,0
2,7,2,c,2,3,0,4,8|2,4,1,0
2,7,3,c,2,3,0,4,8|0,5,2,0
2,7,4,c,2,3,0,4,8|0,4,3,0
2,7,5,c,2,3,0,4,8|0,2,5,0
2,7,6,c,2,3,0,4,8|0,1,4,2
2,7,7,c,2,3,0,4,8|0,0,3,4
2,7,8,c,2,3,0,4,8|0,0,0,7
2,7,9,c,2,3,0,4,8|0,0,0,7
2,7,10,c,2,3,0,4,8|0,0,0,7
2,7,11,c,2,3,0,4,8|0,0,0,7
2,7,12,c,2,3,0,4,8|0,0,0,7
2,8,0,c,2,3,0,4,8|8,0,0,0
2,8,1,c,2,3,0,4,8|5,3,0,0
2,8,2,c,2,3,0,4,8|2,5,1,0
2,8,3,c,2,3,0,4,8|1,5,2,0
2,8,4,c,2,3,0,4,8|0,4,4,0
2,8,5,c,2,3,0,4,8|0,2,5,1
2,8,6,c,2,3,0,4,8|0,1,5,2
2,8,7,c,2,3,0,4,8|0,0,3,5
2,8,8,c,2,3,0,4,8|0,0,0,8
2,8,9,c,2,3,0,4,8|0,0,0,8
2,8,10,c,2,3,0,4,8|0,0,0,8
2,8,11,c,2,3,0,4,8|0,0,0,8
2,8,12,c,2,3,0,4,8|0,0,0,8
2,16,0,c,2,3,0,4,8|16,0,0,0
2,16,1,c,2,3,0,4,8|9,7,0,0
2,16,2,c,2,3,0,4,8|4,10,2,0
2,16,3,c,2,3,0,4,8|1,11,4,0
2,16,4,c,2,3,0,4,8|0,8,8,0
2,16,5,c,2,3,0,4,8|0,5,10,1
2,16,6,c,2,3,0,4,8|0,2,10,4
2,16,7,c,2,3,0,4,8|0,1,6,9
2,16,8,c,2,3,0,4,8|0,0,0,16
2,16,9,c,2,3,0,4,8|0,0,0,16
2,16,10,c,2,3,0,4,8|0,0,0,16
2,16,11,c,2,3,0,4,8|0,0,0,16
2,16,12,c,2,3,0,4,8|0,0,0,16
2,63,0,c,2,3,0,4,8|63,0,0,0
2,63,1,c,2,3,0,4,8|35,26,2,0
2,63,2,c,2,3,0,4,8|16,39,8,0
2,63,3,c,2,3,0,4,8|4,41,18,0
2,63,4,c,2,3,0,4,8|0,32,31,0
2,63,5,c,2,3,0,4,8|0,18,41,4
2,63,6,c,2,3,0,4,8|0,8,39,16
2,63,7,c,2,3,0,4,8|0,2,26,35
2,63,8,c,2,3,0,4,8|0,0,0,63
2,63,9,c,2,3,0,4,8|0,0,0,63
2,63,10,c,2,3,0,4,8|0,0,0,63
2,63,11,c,2,3,0,4,8|0,0,0,63
2,63,12,c,2,3,0,4,8|0,0,0,63
2,1000,0,c,2,3,0,4,8|1000,0,0,0
2,1000,1,c,2,3,0,4,8|563,406,31,0
2,1000,2,c,2,3,0,4,8|250,625,125,0
2,1000,3,c,2,3,0,4,8|63,656,281,0
2,1000,4,c,2,3,0,4,8|0,500,500,0
2,1000,5,c,2,3,0,4,8|0,281,656,63
2,1000,6,c,2,3,0,4,8|0,125,625,250
2,1000,7,c,2,3,0,4,8|0,31,406,563
2,1000,8,c,2,3,0,4,8|0,0,0,1000
2,1000,9,c,2,3,0,4,8|0,0,0,1000
2,1000,10,c,2,3,0,4,8|0,0,0,1000
2,1000,11,c,2,3,0,4,8|0,0,0,1000
2,1000,12,c,2,3,0,4,8|0,0,0,1000
3,1,0,c,2,3,0,4,8|1,0,0,0,0
3,1,1,c,2,3,0,4,8|0,1,0,0,0
3,1,2,c,2,3,0,4,8|0,1,0,0,0
3,1,3,c,2,3,0,4,8|0,1,0,0,0
3,1,4,c,2,3,0,4,8|0,0,1,0,0
3,1,5,c,2,3,0,4,8|0,0,0,1,0
3,1,6,c,2,3,0,4,8|0,0,0,1,0
3,1,7,c,2,3,0,4,8|0,0,0,1,0
3,1,8,c,2,3,0,4,8|0,0,0,0,1
3,1,9,c,2,3,0,4,8|0,0,0,0,1
3,1,10,c,2,3,0,4,8|0,0,0,0,1
3,1,11,c,2,3,0,4,8|0,0,0,0,1
3,1,12,c,2,3,0,4,8|0,0,0,0,1
3,2,0,c,2,3,0,4,8|2,0,0,0,0
3,2,1,c,2,3,0,4,8|1,1,0,0,0
3,2,2,c,2,3,0,4,8|0,1,1,0,0
3,2,3,c,2,3,0,4,8|0,1,1,0,0
3,2,4,c,2,3,0,4,8|0,1,1,0,0
3,2,5,c,2,3,0,4,8|0,0,1,1,0
3,2,6,c,2,3,0,4,8|0,0,1,1,0
3,2,7,c,2,3,0,4,8|0,0,0,1,1
3,2,8,c,2,3,0,4,8|0,0,0,0,2
3,2,9,c,2,3,0,4,8|0,0,0,0,2
3,2,10,c,2,3,0,4,8|0,0,0,0,2
3,2,11,c,2,3,0,4,8|0,0,0,0,2
3,2,12,c,2,3,0,4,8|0,0,0,0,2
3,3,0,c,2,3,0,4,8|3,0,0,0,0
3,3,1,c,2,3,0,4,8|1,2,0,0,0
3,3,2,c,2,3,0,4,8|0,2,1,0,0
3,3,3,c,2,3,0,4,8|0,2,1,0,0
3,3,4,c,2,3,0,4,8|0,1,1,1,0
3,3,5,c,2,3,0,4,8|0,0,1,2,0
3,3,6,c,2,3,0,4,8|0,0,1,2,0
3,3,7,c,2,3,0,4,8|0,0,0,2,1
3,3,8,c,2,3,0,4,8|0,0,0,0,3
3,3,9,c,2,3,0,4,8|0,0,0,0,3
3,3,10,c,2,3,0,4,8|0,0,0,0,3
3,3,11,c,2,3,0,4,8|0,0,0,0,3
3,3,12,c,2,3,0,4,8|0,0,0,0,3
3,7,0,c,2,3,0,4,8|7,0,0,0,0
3,7,1,c,2,3,0,4,8|3,3,1,0,0
3,7,2,c,2,3,0,4,8|1,4,2,0,0
3,7,3,c,2,3,0,4,8|0,3,3,1,0
3,7,4,c,2,3,0,4,8|0,2,3,2,0
3,7,5,c,2,3,0,4,8|0,1,3,3,0
3,7,6,c,2,3,0,4,8|0,0,2,4,1
3,7,7,c,2,3,0,4,8|0,0,1,3,3
3,7,8,c,2,3,0,4,8|0,0,0,0,7
3,7,9,c,2,3,0,4,8|0,0,0,0,7
3,7,10,c,2,3,0,4,8|0,0,0,0,7
3,7,11,c,2,3,0,4,8|0,0,0,0,7
3,7,12,c,2,3,0,4,8|0,0,0,0,7
3,8,0,c,2,3,0,4,8|8,0,0,0,0
3,8,1,c,2,3,0,4,8|3,4,1,0,0
3,8,2,c,2,3,0,4,8|1,5,2,0,0
3,8,3,c,2,3,0,4,8|0,4,3,1,0
3,8,4,c,2,3,0,4,8|0,2,4,2,0
3,8,5,c,2,3,0,4,8|0,1,3,4,0
3,8,6,c,2,3,0,4,8|0,0,2,5,1
3,8,7,c,2,3,0,4,8|0,0,1,4,3
3,8,8,c,2,3,0,4,8|0,0,0,0,8
3,8,9,c,2,3,0,4,8|0,0,0,0,8
3,8,10,c,2,3,0,4,8|0,0,0,0,8
3,8,11,c,2,3,0,4,8|0,0,0,0,8
3,8,12,c,2,3,0,4,8|0,0,0,0,8
3,16,0,c,2,3,0,4,8|16,0,0,0,0
3,16,1,c,2,3,0,4,8|7,8,1,0,0
3,16,2,c,2,3,0,4,8|2,10,4,0,0
3,16,3,c,2,3,0,4,8|0,7,7,2,0
3,16,4,c,2,3,0,4,8|0,4,8,4,0
3,16,5,c,2,3,0,4,8|0,2,7,7,0
3,16,6,c,2,3,0,4,8|0,1,4,9,2
3,16,7,c,2,3,0,4,8|0,0,1,8,7
3,16,8,c,2,3,0,4,8|0,0,0,0,16
3,16,9,c,2,3,0,4,8|0,0,0,0,16
3,16,10,c,2,3,0,4,8|0,0,0,0,16
3,16,11,c,2,3,0,4,8|0,0,0,0,16
3,16,12,c,2,3,0,4,8|0,0,0,0,16
3,63,0,c,2,3,0,4,8|63,0,0,0,0
3,63,1,c,2,3,0,4,8|27,31,5,0,0
3,63,2,c,2,3,0,4,8|8,37,16,2,0
3,63,3,c,2,3,0,4,8|1,29,26,7,0
3,63,4,c,2,3,0,4,8|0,16,31,16,0
3,63,5,c,2,3,0,4,8|0,7,26,29,1
3,63,6,c,2,3,0,4,8|0,2,16,37,8
3,63,7,c,2,3,0,4,8|0,0,5,31,27
3,63,8,c,2,3,0,4,8|0,0,0,0,63
3,63,9,c,2,3,0,4,8|0,0,0,0,63
3,63,10,c,2,3,0,4,8|0,0,0,0,63
3,63,11,c,2,3,0,4,8|0,0,0,0,63
3,63,12,c,2,3,0,4,8|0,0,0,0,63
3,1000,0,c,2,3,0,4,8|1000,0,0,0,0
3,1000,1,c,2,3,0,4,8|422,496,78,4,0
3,1000,2,c,2,3,0,4,8|125,594,250,31,0
3,1000,3,c,2,3,0,4,8|16,457,422,105,0
3,1000,4,c,2,3,0,4,8|0,250,500,250,0
3,1000,5,c,2,3,0,4,8|0,105,422,457,16
3,1000,6,c,2,3,0,4,8|0,31,250,594,125
3,1000,7,c,2,3,0,4,8|0,4,78,496,422
3,1000,8,c,2,3,0,4,8|0,0,0,0,1000
3,1000,9,c,2,3,0,4,8|0,0,0,0,1000
3,1000,10,c,2,3,0,4,8|0,0,0,0,1000
3,1000,11,c,2,3,0,4,8|0,0,0,0,1000
3,1000,12,c,2,3,0,4,8|0,0,0,0,1000
1,1,0,c,2,5,0,4,8,12,16|1,0,0,0,0
1,1,1,c,2,5,0,4,8,12,16|1,0,0,0,0
1,1,2,c,2,5,0,4,8,12,16|1,0,0,0,0
1,1,3,c,2,5,0,4,8,12,16|0,1,0,0,0
1,1,4,c,2,5,0,4,8,12,16|0,1,0,0,0
1,1,5,c,2,5,0,4,8,12,16|0,1,0,0,0
1,1,6,c,2,5,0,4,8,12,16|0,1,0,0,0
1,1,7,c,2,5,0,4,8,12,16|0,0,1,0,0
1,1,8,c,2,5,0,4,8,12,16|0,0,1,0,0
1,1,9,c,2,5,0,4,8,12,16|0,0,1,0,0
1,1,10,c,2,5,0,4,8,12,16|0,0,1,0,0
1,1,11,c,2,5,0,4,8,12,16|0,0,0,1,0
1,1,12,c,2,5,0,4,8,12,16|0,0,0,1,0
1,1,13,c,2,5,0,4,8,12,16|0,0,0,1,0
1,1,14,c,2,5,0,4,8,12,16|0,0,0,1,0
1,1,15,c,2,5,0,4,8,12,16|0,0,0,0,1
1,1,16,c,2,5,0,4,8,12,16|0,0,0,0,1
1,1,17,c,2,5,0,4,8,12,16|0,0,0,0,1
1,1,18,c,2,5,0,4,8,12,16|0,0,0,0,1
1,1,19,c,2,5,0,4,8,12,16|0,0,0,0,1
1,1,20,c,2,5,0,4,8,12,16|0,0,0,0,1
1,2,0,c,2,5,0,4,8,12,16|2,0,0,0,0
1,2,1,c,2,5,0,4,8,12,16|2,0,0,0,0
1,2,2,c,2,5,0,4,8,12,16|1,1,0,0,0
1,2,3,c,2,5,0,4,8,12,16|1,1,0,0,0
1,2,4,c,2,5,0,4,8,12,16|0,2,0,0,0
1,2,5,c,2,5,0,4,8,12,16|0,2,0,0,0
1,2,6,c,2,5,0,4,8,12,16|0,1,1,0,0
1,2,7,c,2,5,0,4,8,12,16|0,1,1,0,0
1,2,8,c,2,5,0,4,8,12,16|0,0,2,0,0
1,2,9,c,2,5,0,4,8,12,16|0,0,2,0,0
1,2,10,c,2,5,0,4,8,12,16|0,0,1,1,0
1,2,11,c,2,5,0,4,8,12,16|0,0,1,1,0
1,2,12,c,2,5,0,4,8,12,16|0,0,0,2,0
1,2,13,c,2,5,0,4,8,12,16|0,0,0,2,0
1,2,14,c,2,5,0,4,8,12,16|0,0,0,1,1
1,2,15,c,2,5,0,4,8,12,16|0,0,0,1,1
1,2,16,c,2,5,0,4,8,12,16|0,0,0,0,2
1,2,17,c,2,5,0,4,8,12,16|0,0,0,0,2
1,2,18,c,2,5,0,4,8,12,16|0,0,0,0,2
1,2,19,c,2,5,0,4,8,12,16|0,0,0,0,2
1,2,20,c,2,5,0,4,8,12,16|0,0,0,0,2
1,3,0,c,2,5,0,4,8,12,16|3,0,0,0,0
1,3,1,c,2,5,0,4,8,12,16|2,1,0,0,0
1,3,2,c,2,5,0,4,8,12,16|2,1,0,0,0
1,3,3,c,2,5,0,4,8,12,16|1,2,0,0,0
1,3,4,c,2,5,0,4,8,12,16|0,3,0,0,0
1,3,5,c,2,5,0,4,8,12,16|0,2,1,0,0
1,3,6,c,2,5,0,4,8,12,16|0,2,1,0,0
1,3,7,c,2,5,0,4,8,12,16|0,1,2,0,0
1,3,8,c,2,5,0,4,8,12,16|0,0,3,0,0
1,3,9,c,2,5,0,4,8,12,16|0,0,2,1,0
1,3,10,c,2,5,0,4,8,12,16|0,0,2,1,0
1,3,11,c,2,5,0,4,8,12,16|0,0,1,2,0
1,3,12,c,2,5,0,4,8,12,16|0,0,0,3,0
1,3,13,c,2,5,0,4,8,12,16|0,0,0,2,1
1,3,14,c,2,5,0,4,8,12,16|0,0,0,2,1
1,3,15,c,2,5,0,4,8,12,16|0,0,0,1,2
1,3,16,c,2,5,0,4,8,12,16|0,0,0,0,3
1,3,17,c,2,5,0,4,8,12,16|0,0,0,0,3
1,3,18,c,2,5,0,4,8,12,16|0,0,0,0,3
1,3,19,c,2,5,0,4,8,12,16|0,0,0,0,3
1,3,20,c,2,5,0,4,8,12,16|0,0,0,0,3
1,7,0,c,2,5,0,4,8,12,16|7,0,0,0,0
1,7,1,c,2,5,0,4,8,12,16|5,2,0,0,0
1,7,2,c,2,5,0,4,8,12,16|4,3,0,0,0
1,7,3,c,2,5,0,4,8,12,16|2,5,0,0,0
1,7,4,c,2,5,0,4,8,12,16|0,7,0,0,0
1,7,5,c,2,5,0,4,8,12,16|0,5,2,0,0
1,7,6,c,2,5,0,4,8,12,16|0,4,3,0,0
1,7,7,c,2,5,0,4,8,12,16|0,2,5,0,0
1,7,8,c,2,5,0,4,8,12,16|0,0,7,0,0
1,7,9,c,2,5,0,4,8,12,16|0,0,5,2,0
1,7,10,c,2,5,0,4,8,12,16|0,0,4,3,0
1,7,11,c,2,5,0,4,8,12,16|0,0,2,5,0
1,7,12,c,2,5,0,4,8,12,16|0,0,0,7,0
1,7,13,c,2,5,0,4,8,12,16|0,0,0,5,2
1,7,14,c,2,5,0,4,8,12,16|0,0,0,4,3
1,7,15,c,2,5,0,4,8,12,16|0,0,0,2,5
1,7,16,c,2,5,0,4,8,12,16|0,0,0,0,7
1,7,17,c,2,5,0,4,8,12,16|0,0,0,0,7
1,7,18,c,2,5,0,4,8,12,16|0,0,0,0,7
1,7,19,c,2,5,0,4,8,12,16|0,0,0,0,7
1,7,20,c,2,5,0,4,8,12,16|0,0,0,0,7
1,8,0,c,2,5,0,4,8,12,16|8,0,0,0,0
1,8,1,c,2,5,0,4,8,12,16|6,2,0,0,0
1,8,2,c,2,5,0,4,8,12,16|4,4,0,0,0
1,8,3,c,2,5,0,4,8,12,16|2,6,0,0,0
1,8,4,c,2,5,0,4,8,12,16|0,8,0,0,0
1,8,5,c,2,5,0,4,8,12,16|0,6,2,0,0
1,8,6,c,2,5,0,4,8,12,16|0,4,4,0,0
1,8,7,c,2,5,0,4,8,12,16|0,2,6,0,0
1,8,8,c,2,5,0,4,8,12,16|0,0,8,0,0
1,8,9,c,2,5,0,4,8,12,16|0,0,6,2,0
1,8,10,c,2,5,0,4,8,12,16|0,0,4,4,0
1,8,11,c,2,5,0,4,8,12,16|0,0,2,6,0
1,8,12,c,2,5,0,4,8,12,16|0,0,0,8,0
1,8,13,c,2,5,0,4,8,12,16|0,0,0,6,2
1,8,14,c,2,5,0,4,8,12,16|0,0,0,4,4
1,8,15,c,2,5,0,4,8,12,16|0,0,0,2,6
1,8,16,c,2,5,0,4,8,12,16|0,0,0,0,8
1,8,17,c,2,5,0,4,8,12,16|0,0,0,0,8
1,8,18,c,2,5,0,4,8,12,16|0,0,0,0,8
1,8,19,c,2,5,0,4,8,12,16|0,0,0,0,8
1,8,20,c,2,5,0,4,8,12,16|0,0,0,0,8
1,16,0,c,2,5,0,4,8,12,16|16,0,0,0,0
1,16,1,c,2,5,0,4,8,12,16|12,4,0,0,0
1,16,2,c,2,5,0,4,8,12,16|8,8,0,0,0
1,16,3,c,2,5,0,4,8,12,16|4,12,0,0,0
1,16,4,c,2,5,0,4,8,12,16|0,16,0,0,0
1,16,5,c,2,5,0,4,8,12,16|0,12,4,0,0
1,16,6,c,2,5,0,4,8,12,16|0,8,8,0,0
1,16,7,c,2,5,0,4,8,12,16|0,4,12,0,0
1,16,8,c,2,5,0,4,8,12,16|0,0,16,0,0
1,16,9,c,2,5,0,4,8,12,16|0,0,12,4,0
1,16,10,c,2,5,0,4,8,12,16|0,0,8,8,0
1,16,11,c,2,5,0,4,8,12,16|0,0,4,12,0
1,16,12,c,2,5,0,4,8,12,16|0,0,0,16,0
1,16,13,c,2,5,0,4,8,12,16|0,0,0,12,4
1,16,14,c,2,5,0,4,8,12,16|0,0,0,8,8
1,16,15,c,2,5,0,4,8,12,16|0,0,0,4,12
1,16,16,c,2,5,0,4,8,12,16|0,0,0,0,16
1,16,17,c,2,5,0,4,8,12,16|0,0,0,0,16
1,16,18,c,2,5,0,4,8,12,16|0,0,0,0,16
1,16,19,c,2,5,0,4,8,12,16|0,0,0,0,16
1,16,20,c,2,5,0,4,8,12,16|0,0,0,0,16
1,63,0,c,2,5,0,4,8,12,16|63,0,0,0,0
1,63,1,c,2,5,0,4,8,12,16|47,16,0,0,0
1,63,2,c,2,5,0,4,8,12,16|32,31,0,0,0
1,63,3,c,2,5,0,4,8,12,16|16,47,0,0,0
1,63,4,c,2,5,0,4,8,12,16|0,63,0,0,0
1,63,5,c,2,5,0,4,8,12,16|0,47,16,0,0
1,63,6,c,2,5,0,4,8,12,16|0,32,31,0,0
1,63,7,c,2,5,0,4,8,12,16|0,16,47,0,0
1,63,8,c,2,5,0,4,8,12,16|0,0,63,0,0
1,63,9,c,2,5,0,4,8,12,16|0,0,47,16,0
1,63,10,c,2,5,0,4,8,12,16|0,0,32,31,0
1,63,11,c,2,5,0,4,8,12,16|0,0,16,47,0
1,63,12,c,2,5,0,4,8,12,16|0,0,0,63,0
1,63,13,c,2,5,0,4,8,12,16|0,0,0,47,16
1,63,14,c,2,5,0,4,8,12,16|0,0,0,32,31
1,63,15,c,2,5,0,4,8,12,16|0,0,0,16,47
1,63,16,c,2,5,0,4,8,12,16|0,0,0,0,63
1,63,17,c,2,5,0,4,8,12,16|0,0,0,0,63
1,63,18,c,2,5,0,4,8,12,16|0,0,0,0,63
1,63,19,c,2,5,0,4,8,12,16|0,0,0,0,63
1,63,20,c,2,5,0,4,8,12,16|0,0,0,0,63
1,1000,0,c,2,5,0,4,8,12,16|1000,0,0,0,0
1,1000,1,c,2,5,0,4,8,12,16|750,250,0,0,0
1,1000,2,c,2,5,0,4,8,12,16|500,500,0,0,0
1,1000,3,c,2,5,0,4,8,12,16|250,750,0,0,0
1,1000,4,c,2,5,0,4,8,12,16|0,1000,0,0,0
1,1000,5,c,2,5,0,4,8,12,16|0,750,250,0,0
1,1000,6,c,2,5,0,4,8,12,16|0,500,500,0,0
1,1000,7,c,2,5,0,4,8,12,16|0,250,750,0,0
1,1000,8,c,2,5,0,4,8,12,16|0,0,1000,0,0
1,1000,9,c,2,5,0,4,8,12,16|0,0,750,250,0
1,1000,10,c,2,5,0,4,8,12,16|0,0,500,500,0
1,1000,11,c,2,5,0,4,8,12,16|0,0,250,750,0
1,1000,12,c,2,5,0,4,8,12,16|0,0,0,1000,0
1,1000,13,c,2,5,0,4,8,12,16|0,0,0,750,250
1,1000,14,c,2,5,0,4,8,12,16|0,0,0,500,500
1,1000,15,c,2,5,0,4,8,12,16|0,0,0,250,750
1,1000,16,c,2,5,0,4,8,12,16|0,0,0,0,1000
1,1000,17,c,2,5,0,4,8,12,16|0,0,0,0,1000
1,1000,18,c,2,5,0,4,8,12,16|0,0,0,0,1000
1,1000,19,c,2,5,0,4,8,12,16|0,0,0,0,1000
1,1000,20,c,2,5,0,4,8,12,16|0,0,0,0,1000
2,1,0,c,2,5,0,4,8,12,16|1,0,0,0,0,0
2,1,1,c,2,5,0,4,8,12,16|1,0,0,0,0,0
2,1,2,c,2,5,0,4,8,12,16|0,1,0,0,0,0
2,1,3,c,2,5,0,4,8,12,16|0,1,0,0,0,0
2,1,4,c,2,5,0,4,8,12,16|0,1,0,0,0,0
2,1,5,c,2,5,0,4,8,12,16|0,0,1,0,0,0
2,1,6,c,2,5,0,4,8,12,16|0,0,1,0,0,0
2,1,7,c,2,5,0,4,8,12,16|0,0,1,0,0,0
2,1,8,c,2,5,0,4,8,12,16|0,0,1,0,0,0
2,1,9,c,2,5,0,4,8,12,16|0,0,0,1,0,0
2,1,10,c,2,5,0,4,8,12,16|0,0,0,1,0,0
2,1,11,c,2,5,0,4,8,12,16|0,0,0,1,0,0
2,1,12,c,2,5,0,4,8,12,16|0,0,0,1,0,0
2,1,13,c,2,5,0,4,8,12,16|0,0,0,0,1,0
2,1,14,c,2,5,0,4,8,12,16|0,0,0,0,1,0
2,1,15,c,2,5,0,4,8,12,16|0,0,0,0,0,1
2,1,16,c,2,5,0,4,8,12,16|0,0,0,0,0,1
2,1,17,c,2,5,0,4,8,12,16|0,0,0,0,0,1
2,1,18,c,2,5,0,4,8,12,16|0,0,0,0,0,1
2,1,19,c,2,5,0,4,8,12,16|0,0,0,0,0,1
2,1,20,c,2,5,0,4,8,12,16|0,0,0,0,0,1
2,2,0,c,2,5,0,4,8,12,16|2,0,0,0,0,0
2,2,1,c,2,5,0,4,8,12,16|1,1,0,0,0,0
2,2,2,c,2,5,0,4,8,12,16|1,1,0,0,0,0
2,2,3,c,2,5,0,4,8,12,16|0,1,1,0,0,0
2,2,4,c,2,5,0,4,8,12,16|0,1,1,0,0,0
2,2,5,c,2,5,0,4,8,12,16|0,1,1,0,0,0
2,2,6,c,2,5,0,4,8,12,16|0,0,2,0,0,0
2,2,7,c,2,5,0,4,8,12,16|0,0,1,1,0,0
2,2,8,c,2,5,0,4,8,12,16|0,0,1,1,0,0
2,2,9,c,2,5,0,4,8,12,16|0,0,1,1,0,0
2,2,10,c,2,5,0,4,8,12,16|0,0,0,2,0,0
2,2,11,c,2,5,0,4,8,12,16|0,0,0,1,1,0
2,2,12,c,2,5,0,4,8,12,16|0,0,0,1,1,0
2,2,13,c,2,5,0,4,8,12,16|0,0,0,1,1,0
2,2,14,c,2,5,0,4,8,12,16|0,0,0,0,1,1
2,2,15,c,2,5,0,4,8,12,16|0,0,0,0,1,1
2,2,16,c,2,5,0,4,8,12,16|0,0,0,0,0,2
2,2,17,c,2,5,0,4,8,12,16|0,0,0,0,0,2
2,2,18,c,2,5,0,4,8,12,16|0,0,0,0,0,2
2,2,19,c,2,5,0,4,8,12,16|0,0,0,0,0,2
2,2,20,c,2,5,0,4,8,12,16|0,0,0,0,0,2
2,3,0,c,2,5,0,4,8,12,16|3,0,0,0,0,0
2,3,1,c,2,5,0,4,8,12,16|2,1,0,0,0,0
2,3,2,c,2,5,0,4,8,12,16|1,2,0,0,0,0
2,3,3,c,2,5,0,4,8,12,16|0,2,1,0,0,0
2,3,4,c,2,5,0,4,8,12,16|0,2,1,0,0,0
2,3,5,c,2,5,0,4,8,12,16|0,1,2,0,0,0
2,3,6,c,2,5,0,4,8,12,16|0,1,2,0,0,0
2,3,7,c,2,5,0,4,8,12,16|0,0,2,1,0,0
2,3,8,c,2,5,0,4,8,12,16|0,0,2,1,0,0
2,3,9,c,2,5,0,4,8,12,16|0,0,1,2,0,0
2,3,10,c,2,5,0,4,8,12,16|0,0,1,2,0,0
2,3,11,c,2,5,0,4,8,12,16|0,0,0,2,1,0
2,3,12,c,2,5,0,4,8,12,16|0,0,0,2,1,0
2,3,13,c,2,5,0,4,8,12,16|0,0,0,1,2,0
2,3,14,c,2,5,0,4,8,12,16|0,0,0,0,2,1
2,3,15,c,2,5,0,4,8,12,16|0,0,0,0,1,2
2,3,16,c,2,5,0,4,8,12,16|0,0,0,0,0,3
2,3,17,c,2,5,0,4,8,12,16|0,0,0,0,0,3
2,3,18,c,2,5,0,4,8,12,16|0,0,0,0,0,3
2,3,19,c,2,5,0,4,8,12,16|0,0,0,0,0,3
2,3,20,c,2,5,0,4,8,12,16|0,0,0,0,0,3
2,7,0,c,2,5,0,4,8,12,16|7,0,0,0,0,0
2,7,1,c,2,5,0,4,8,12,16|4,3,0,0,0,0
2,7,2,c,2,5,0,4,8,12,16|2,4,1,0,0,0
2,7,3,c,2,5,0,4,8,12,16|0,5,2,0,0,0
2,7,4,c,2,5,0,4,8,12,16|0,4,3,0,0,0
2,7,5,c,2,5,0,4,8,12,16|0,2,5,0,0,0
2,7,6,c,2,5,0,4,8,12,16|0,1,5,1,0,0
2,7,7,c,2,5,0,4,8,12,16|0,0,5,2,0,0
2,7,8,c,2,5,0,4,8,12,16|0,0,4,3,0,0
2,7,9,c,2,5,0,4,8,12,16|0,0,2,5,0,0
2,7,10,c,2,5,0,4,8,12,16|0,0,1,5,1,0
2,7,11,c,2,5,0,4,8,12,16|0,0,0,5,2,0
2,7,12,c,2,5,0,4,8,12,16|0,0,0,4,3,0
2,7,13,c,2,5,0,4,8,12,16|0,0,0,2,5,0
2,7,14,c,2,5,0,4,8,12,16|0,0,0,1,4,2
2,7,15,c,2,5,0,4,8,12,16|0,0,0,0,3,4
2,7,16,c,2,5,0,4,8,12,16|0,0,0,0,0,7
2,7,17,c,2,5,0,4,8,12,16|0,0,0,0,0,7
2,7,18,c,2,5,0,4,8,12,16|0,0,0,0,0,7
2,7,19,c,2,5,0,4,8,12,16|0,0,0,0,0,7
2,7,20,c,2,5,0,4,8,12,16|0,0,0,0,0,7
2,8,0,c,2,5,0,4,8,12,16|8,0,0,0,0,0
2,8,1,c,2,5,0,4,8,12,16|5,3,0,0,0,0
2,8,2,c,2,5,0,4,8,12,16|2,5,1,0,0,0
2,8,3,c,2,5,0,4,8,12,16|1,5,2,0,0,0
2,8,4,c,2,5,0,4,8,12,16|0,4,4,0,0,0
2,8,5,c,2,5,0,4,8,12,16|0,2,6,0,0,0
2,8,6,c,2,5,0,4,8,12,16|0,1,6,1,0,0
2,8,7,c,2,5,0,4,8,12,16|0,0,6,2,0,0
2,8,8,c,2,5,0,4,8,12,16|0,0,4,4,0,0
2,8,9,c,2,5,0,4,8,12,16|0,0,2,6,0,0
2,8,10,c,2,5,0,4,8,12,16|0,0,1,6,1,0
2,8,11,c,2,5,0,4,8,12,16|0,0,0,6,2,0
2,8,12,c,2,5,0,4,8,12,16|0,0,0,4,4,0
2,8,13,c,2,5,0,4,8,12,16|0,0,0,2,5,1
2,8,14,c,2,5,0,4,8,12,16|0,0,0,1,5,2
2,8,15,c,2,5,0,4,8,12,16|0,0,0,0,3,5
2,8,16,c,2,5,0,4,8,12,16|0,0,0,0,0,8
2,8,17,c,2,5,0,4,8,12,16|0,0,0,0,0,8
2,8,18,c,2,5,0,4,8,12,16|0,0,0,0,0,8
2,8,19,c,2,5,0,4,8,12,16|0,0,0,0,0,8
2,8,20,c,2,5,0,4,8,12,16|0,0,0,0,0,8
2,16,0,c,2,5,0,4,8,12,16|16,0,0,0,0,0
2,16,1,c,2,5,0,4,8,12,16|9,7,0,0,0,0
2,16,2,c,2,5,0,4,8,12,16|4,10,2,0,0,0
2,16,3,c,2,5,0,4,8,12,16|1,11,4,0,0,0
2,16,4,c,2,5,0,4,8,12,16|0,8,8,0,0,0
2,16,5,c,2,5,0,4,8,12,16|0,5,11,0,0,0
2,16,6,c,2,5,0,4,8,12,16|0,2,12,2,0,0
2,16,7,c,2,5,0,4,8,12,16|0,1,11,4,0,0
2,16,8,c,2,5,0,4,8,12,16|0,0,8,8,0,0
2,16,9,c,2,5,0,4,8,12,16|0,0,5,11,0,0
2,16,10,c,2,5,0,4,8,12,16|0,0,2,12,2,0
2,16,11,c,2,5,0,4,8,12,16|0,0,1,11,4,0
2,16,12,c,2,5,0,4,8,12,16|0,0,0,8,8,0
2,16,13,c,2,5,0,4,8,12,16|0,0,0,5,10,1
2,16,14,c,2,5,0,4,8,12,16|0,0,0,2,10,4
2,16,15,c,2,5,0,4,8,12,16|0,0,0,1,6,9
2,16,16,c,2,5,0,4,8,12,16|0,0,0,0,0,16
2,16,17,c,2,5,0,4,8,12,16|0,0,0,0,0,16
2,16,18,c,2,5,0,4,8,12,16|0,0,0,0,0,16
2,16,19,c,2,5,0,4,8,12,16|0,0,0,0,0,16
2,16,20,c,2,5,0,4,8,12,16|0,0,0,0,0,16
2,63,0,c,2,5,0,4,8,12,16|63,0,0,0,0,0
2,63,1,c,2,5,0,4,8,12,16|35,26,2,0,0,0
2,63,2,c,2,5,0,4,8,12,16|16,39,8,0,0,0
2,63,3,c,2,5,0,4,8,12,16|4,41,18,0,0,0
2,63,4,c,2,5,0,4,8,12,16|0,32,31,0,0,0
2,63,5,c,2,5,0,4,8,12,16|0,18,43,2,0,0
2,63,6,c,2,5,0,4,8,12,16|0,8,47,8,0,0
2,63,7,c,2,5,0,4,8,12,16|0,2,43,18,0,0
2,63,8,c,2,5,0,4,8,12,16|0,0,32,31,0,0
2,63,9,c,2,5,0,4,8,12,16|0,0,18,43,2,0
2,63,10,c,2,5,0,4,8,12,16|0,0,8,47,8,0
2,63,11,c,2,5,0,4,8,12,16|0,0,2,43,18,0
2,63,12,c,2,5,0,4,8,12,16|0,0,0,32,31,0
2,63,13,c,2,5,0,4,8,12,16|0,0,0,18,41,4
2,63,14,c,2,5,0,4,8,12,16|0,0,0,8,39,16
2,63,15,c,2,5,0,4,8,12,16|0,0,0,2,26,35
2,63,16,c,2,5,0,4,8,12,16|0,0,0,0,0,63
2,63,17,c,2,5,0,4,8,12,16|0,0,0,0,0,63
2,63,18,c,2,5,0,4,8,12,16|0,0,0,0,0,63
2,63,19,c,2,5,0,4,8,12,16|0,0,0,0,0,63
2,63,20,c,2,5,0,4,8,12,16|0,0,0,0,0,63
2,1000,0,c,2,5,0,4,8,12,16|1000,0,0,0,0,0
2,1000,1,c,2,5,0,4,8,12,16|563,406,31,0,0,0
2,1000,2,c,2,5,0,4,8,12,16|250,625,125,0,0,0
2,1000,3,c,2,5,0,4,8,12,16|63,656,281,0,0,0
2,1000,4,c,2,5,0,4,8,12,16|0,500,500,0,0,0
2,1000,5,c,2,5,0,4,8,12,16|0,281,688,31,0,0
2,1000,6,c,2,5,0,4,8,12,16|0,125,750,125,0,0
2,1000,7,c,2,5,0,4,8,12,16|0,31,688,281,0,0
2,1000,8,c,2,5,0,4,8,12,16|0,0,500,500,0,0
2,1000,9,c,2,5,0,4,8,12,16|0,0,281,688,31,0
2,1000,10,c,2,5,0,4,8,12,16|0,0,125,750,125,0
2,1000,11,c,2,5,0,4,8,12,16|0,0,31,688,281,0
2,1000,12,c,2,5,0,4,8,12,16|0,0,0,500,500,0
2,1000,13,c,2,5,0,4,8,12,16|0,0,0,281,656,63
2,1000,14,c,2,5,0,4,8,12,16|0,0,0,125,625,250
2,1000,15,c,2,5,0,4,8,12,16|0,0,0,31,406,563
2,1000,16,c,2,5,0,4,8,12,16|0,0,0,0,0,1000
2,1000,17,c,2,5,0,4,8,12,16|0,0,0,0,0,1000
2,1000,18,c,2,5,0,4,8,12,16|0,0,0,0,0,1000
2,1000,19,c,2,5,0,4,8,12,16|0,0,0,0,0,1000
2,1000,20,c,2,5,0,4,8,12,16|0,0,0,0,0,1000
3,1,0,c,2,5,0,4,8,12,16|1,0,0,0,0,0,0
3,1,1,c,2,5,0,4,8,12,16|0,1,0,0,0,0,0
3,1,2,c,2,5,0,4,8,12,16|0,1,0,0,0,0,0
3,1,3,c,2,5,0,4,8,12,16|0,1,0,0,0,0,0
3,1,4,c,2,5,0,4,8,12,16|0,0,1,0,0,0,0
3,1,5,c,2,5,0,4,8,12,16|0,0,1,0,0,0,0
3,1,6,c,2,5,0,4,8,12,16|0,0,0,1,0,0,0
3,1,7,c,2,5,0,4,8,12,16|0,0,0,1,0,0,0
3,1,8,c,2,5,0,4,8,12,16|0,0,0,1,0,0,0
3,1,9,c,2,5,0,4,8,12,16|0,0,0,1,0,0,0
3,1,10,c,2,5,0,4,8,12,16|0,0,0,1,0,0,0
3,1,11,c,2,5,0,4,8,12,16|0,0,0,0,1,0,0
3,1,12,c,2,5,0,4,8,12,16|0,0,0,0,1,0,0
3,1,13,c,2,5,0,4,8,12,16|0,0,0,0,1,0,0
3,1,14,c,2,5,0,4,8,12,16|0,0,0,0,0,1,0
3,1,15,c,2,5,0,4,8,12,16|0,0,0,0,0,1,0
3,1,16,c,2,5,0,4,8,12,16|0,0,0,0,0,0,1
3,1,17,c,2,5,0,4,8,12,16|0,0,0,0,0,0,1
3,1,18,c,2,5,0,4,8,12,16|0,0,0,0,0,0,1
3,1,19,c,2,5,0,4,8,12,16|0,0,0,0,0,0,1
3,1,20,c,2,5,0,4,8,12,16|0,0,0,0,0,0,1
3,2,0,c,2,5,0,4,8,12,16|2,0,0,0,0,0,0
3,2,1,c,2,5,0,4,8,12,16|1,1,0,0,0,0,0
3,2,2,c,2,5,0,4,8,12,16|0,1,1,0,0,0,0
3,2,3,c,2,5,0,4,8,12,16|0,1,1,0,0,0,0
3,2,4,c,2,5,0,4,8,12,16|0,1,1,0,0,0,0
3,2,5,c,2,5,0,4,8,12,16|0,0,1,1,0,0,0
3,2,6,c,2,5,0,4,8,12,16|0,0,1,1,0,0,0
3,2,7,c,2,5,0,4,8,12,16|0,0,1,1,0,0,0
3,2,8,c,2,5,0,4,8,12,16|0,0,1,1,0,0,0
3,2,9,c,2,5,0,4,8,12,16|0,0,0,1,1,0,0
3,2,10,c,2,5,0,4,8,12,16|0,0,0,1,1,0,0
3,2,11,c,2,5,0,4,8,12,16|0,0,0,1,1,0,0
3,2,12,c,2,5,0,4,8,12,16|0,0,0,0,1,1,0
3,2,13,c,2,5,0,4,8,12,16|0,0,0,0,1,1,0
3,2,14,c,2,5,0,4,8,12,16|0,0,0,0,1,1,0
3,2,15,c,2,5,0,4,8,12,16|0,0,0,0,0,1,1
3,2,16,c,2,5,0,4,8,12,16|0,0,0,0,0,0,2
3,2,17,c,2,5,0,4,8,12,16|0,0,0,0,0,0,2
3,2,18,c,2,5,0,4,8,12,16|0,0,0,0,0,0,2
3,2,19,c,2,5,0,4,8,12,16|0,0,0,0,0,0,2
3,2,20,c,2,5,0,4,8,12,16|0,0,0,0,0,0,2
3,3,0,c,2,5,0,4,8,12,16|3,0,0,0,0,0,0
3,3,1,c,2,5,0,4,8,12,16|1,2,0,0,0,0,0
3,3,2,c,2,5,0,4,8,12,16|0,2,1,0,0,0,0
3,3,3,c,2,5,0,4,8,12,16|0,2,1,0,0,0,0
3,3,4,c,2,5,0,4,8,12,16|0,1,2,0,0,0,0
3,3,5,c,2,5,0,4,8,12,16|0,0,2,1,0,0,0
3,3,6,c,2,5,0,4,8,12,16|0,0,1,2,0,0,0
3,3,7,c,2,5,0,4,8,12,16|0,0,1,2,0,0,0
3,3,8,c,2,5,0,4,8,12,16|0,0,1,2,0,0,0
3,3,9,c,2,5,0,4,8,12,16|0,0,0,2,1,0,0
3,3,10,c,2,5,0,4,8,12,16|0,0,0,2,1,0,0
3,3,11,c,2,5,0,4,8,12,16|0,0,0,1,2,0,0
3,3,12,c,2,5,0,4,8,12,16|0,0,0,0,2,1,0
3,3,13,c,2,5,0,4,8,12,16|0,0,0,0,2,1,0
3,3,14,c,2,5,0,4,8,12,16|0,0,0,0,1,2,0
3,3,15,c,2,5,0,4,8,12,16|0,0,0,0,0,2,1
3,3,16,c,2,5,0,4,8,12,16|0,0,0,0,0,0,3
3,3,17,c,2,5,0,4,8,12,16|0,0,0,0,0,0,3
3,3,18,c,2,5,0,4,8,12,16|0,0,0,0,0,0,3
3,3,19,c,2,5,0,4,8,12,16|0,0,0,0,0,0,3
3,3,20,c,2,5,0,4,8,12,16|0,0,0,0,0,0,3
3,7,0,c,2,5,0,4,8,12,16|7,0,0,0,0,0,0
3,7,1,c,2,5,0,4,8,12,16|3,3,1,0,0,0,0
3,7,2,c,2,5,0,4,8,12,16|1,4,2,0,0,0,0
3,7,3,c,2,5,0,4,8,12,16|0,3,3,1,0,0,0
3,7,4,c,2,5,0,4,8,12,16|0,2,4,1,0,0,0
3,7,5,c,2,5,0,4,8,12,16|0,1,4,2,0,0,0
3,7,6,c,2,5,0,4,8,12,16|0,0,3,4,0,0,0
3,7,7,c,2,5,0,4,8,12,16|0,0,2,4,1,0,0
3,7,8,c,2,5,0,4,8,12,16|0,0,1,5,1,0,0
3,7,9,c,2,5,0,4,8,12,16|0,0,1,4,2,0,0
3,7,10,c,2,5,0,4,8,12,16|0,0,0,4,3,0,0
3,7,11,c,2,5,0,4,8,12,16|0,0,0,2,4,1,0
3,7,12,c,2,5,0,4,8,12,16|0,0,0,1,4,2,0
3,7,13,c,2,5,0,4,8,12,16|0,0,0,1,3,3,0
3,7,14,c,2,5,0,4,8,12,16|0,0,0,0,2,4,1
3,7,15,c,2,5,0,4,8,12,16|0,0,0,0,1,3,3
3,7,16,c,2,5,0,4,8,12,16|0,0,0,0,0,0,7
3,7,17,c,2,5,0,4,8,12,16|0,0,0,0,0,0,7
3,7,18,c,2,5,0,4,8,12,16|0,0,0,0,0,0,7
3,7,19,c,2,5,0,4,8,12,16|0,0,0,0,0,0,7
3,7,20,c,2,5,0,4,8,12,16|0,0,0,0,0,0,7
3,8,0,c,2,5,0,4,8,12,16|8,0,0,0,0,0,0
3,8,1,c,2,5,0,4,8,12,16|3,4,1,0,0,0,0
3,8,2,c,2,5,0,4,8,12,16|1,5,2,0,0,0,0
3,8,3,c,2,5,0,4,8,12,16|0,4,4,0,0,0,0
3,8,4,c,2,5,0,4,8,12,16|0,2,5,1,0,0,0
3,8,5,c,2,5,0,4,8,12,16|0,1,5,2,0,0,0
3,8,6,c,2,5,0,4,8,12,16|0,0,4,4,0,0,0
3,8,7,c,2,5,0,4,8,12,16|0,0,2,5,1,0,0
3,8,8,c,2,5,0,4,8,12,16|0,0,2,5,1,0,0
3,8,9,c,2,5,0,4,8,12,16|0,0,1,5,2,0,0
3,8,10,c,2,5,0,4,8,12,16|0,0,0,4,4,0,0
3,8,11,c,2,5,0,4,8,12,16|0,0,0,2,5,1,0
3,8,12,c,2,5,0,4,8,12,16|0,0,0,1,5,2,0
3,8,13,c,2,5,0,4,8,12,16|0,0,0,0,4,4,0
3,8,14,c,2,5,0,4,8,12,16|0,0,0,0,2,5,1
3,8,15,c,2,5,0,4,8,12,16|0,0,0,0,1,4,3
3,8,16,c,2,5,0,4,8,12,16|0,0,0,0,0,0,8
3,8,17,c,2,5,0,4,8,12,16|0,0,0,0,0,0,8
3,8,18,c,2,5,0,4,8,12,16|0,0,0,0,0,0,8
3,8,19,c,2,5,0,4,8,12,16|0,0,0,0,0,0,8
3,8,20,c,2,5,0,4,8,12,16|0,0,0,0,0,0,8
3,16,0,c,2,5,0,4,8,12,16|16,0,0,0,0,0,0
3,16,1,c,2,5,0,4,8,12,16|7,8,1,0,0,0,0
3,16,2,c,2,5,0,4,8,12,16|2,10,4,0,0,0,0
3,16,3,c,2,5,0,4,8,12,16|0,8,7,1,0,0,0
3,16,4,c,2,5,0,4,8,12,16|0,4,9,3,0,0,0
3,16,5,c,2,5,0,4,8,12,16|0,2,9,5,0,0,0
3,16,6,c,2,5,0,4,8,12,16|0,1,7,8,0,0,0
3,16,7,c,2,5,0,4,8,12,16|0,0,5,10,1,0,0
3,16,8,c,2,5,0,4,8,12,16|0,0,3,11,2,0,0
3,16,9,c,2,5,0,4,8,12,16|0,0,1,10,5,0,0
3,16,10,c,2,5,0,4,8,12,16|0,0,0,8,8,0,0
3,16,11,c,2,5,0,4,8,12,16|0,0,0,5,9,2,0
3,16,12,c,2,5,0,4,8,12,16|0,0,0,3,9,4,0
3,16,13,c,2,5,0,4,8,12,16|0,0,0,1,8,7,0
3,16,14,c,2,5,0,4,8,12,16|0,0,0,0,4,10,2
3,16,15,c,2,5,0,4,8,12,16|0,0,0,0,1,8,7
3,16,16,c,2,5,0,4,8,12,16|0,0,0,0,0,0,16
3,16,17,c,2,5,0,4,8,12,16|0,0,0,0,0,0,16
3,16,18,c,2,5,0,4,8,12,16|0,0,0,0,0,0,16
3,16,19,c,2,5,0,4,8,12,16|0,0,0,0,0,0,16
3,16,20,c,2,5,0,4,8,12,16|0,0,0,0,0,0,16
3,63,0,c,2,5,0,4,8,12,16|63,0,0,0,0,0,0
3,63,1,c,2,5,0,4,8,12,16|27,31,5,0,0,0,0
3,63,2,c,2,5,0,4,8,12,16|8,38,16,1,0,0,0
3,63,3,c,2,5,0,4,8,12,16|1,29,29,4,0,0,0
3,63,4,c,2,5,0,4,8,12,16|0,16,37,10,0,0,0
3,63,5,c,2,5,0,4,8,12,16|0,7,36,20,0,0,0
3,63,6,c,2,5,0,4,8,12,16|0,2,30,30,1,0,0
3,63,7,c,2,5,0,4,8,12,16|0,0,20,39,4,0,0
3,63,8,c,2,5,0,4,8,12,16|0,0,11,42,10,0,0
3,63,9,c,2,5,0,4,8,12,16|0,0,4,39,20,0,0
3,63,10,c,2,5,0,4,8,12,16|0,0,1,30,30,2,0
3,63,11,c,2,5,0,4,8,12,16|0,0,0,20,36,7,0
3,63,12,c,2,5,0,4,8,12,16|0,0,0,10,37,16,0
3,63,13,c,2,5,0,4,8,12,16|0,0,0,4,29,29,1
3,63,14,c,2,5,0,4,8,12,16|0,0,0,1,17,37,8
3,63,15,c,2,5,0,4,8,12,16|0,0,0,0,5,31,27
3,63,16,c,2,5,0,4,8,12,16|0,0,0,0,0,0,63
3,63,17,c,2,5,0,4,8,12,16|0,0,0,0,0,0,63
3,63,18,c,2,5,0,4,8,12,16|0,0,0,0,0,0,63
3,63,19,c,2,5,0,4,8,12,16|0,0,0,0,0,0,63
3,63,20,c,2,5,0,4,8,12,16|0,0,0,0,0,0,63
3,1000,0,c,2,5,0,4,8,12,16|1000,0,0,0,0,0,0
3,1000,1,c,2,5,0,4,8,12,16|422,496,79,3,0,0,0
3,1000,2,c,2,5,0,4,8,12,16|125,594,260,21,0,0,0
3,1000,3,c,2,5,0,4,8,12,16|16,457,457,70,0,0,0
3,1000,4,c,2,5,0,4,8,12,16|0,250,583,167,0,0,0
3,1000,5,c,2,5,0,4,8,12,16|0,105,577,315,3,0,0
3,1000,6,c,2,5,0,4,8,12,16|0,31,469,479,21,0,0
3,1000,7,c,2,5,0,4,8,12,16|0,4,314,612,70,0,0
3,1000,8,c,2,5,0,4,8,12,16|0,0,167,667,166,0,0
3,1000,9,c,2,5,0,4,8,12,16|0,0,70,612,314,4,0
3,1000,10,c,2,5,0,4,8,12,16|0,0,21,479,469,31,0
3,1000,11,c,2,5,0,4,8,12,16|0,0,3,315,577,105,0
3,1000,12,c,2,5,0,4,8,12,16|0,0,0,167,583,250,0
3,1000,13,c,2,5,0,4,8,12,16|0,0,0,70,457,457,16
3,1000,14,c,2,5,0,4,8,12,16|0,0,0,21,260,594,125
3,1000,15,c,2,5,0,4,8,12,16|0,0,0,3,79,496,422
3,1000,16,c,2,5,0,4,8,12,16|0,0,0,0,0,0,1000
3,1000,17,c,2,5,0,4,8,12,16|0,0,0,0,0,0,1000
3,1000,18,c,2,5,0,4,8,12,16|0,0,0,0,0,0,1000
3,1000,19,c,2,5,0,4,8,12,16|0,0,0,0,0,0,1000
3,1000,20,c,2,5,0,4,8,12,16|0,0,0,0,0,0,1000
1,1,6,c,1,4,8,10,12,14|1,0,0,0
1,1,7,c,1,4,8,10,12,14|1,0,0,0
1,1,8,c,1,4,8,10,12,14|1,0,0,0
1,1,9,c,1,4,8,10,12,14|1,0,0,0
1,1,10,c,1,4,8,10,12,14|0,1,0,0
1,1,11,c,1,4,8,10,12,14|0,1,0,0
1,1,12,c,1,4,8,10,12,14|0,0,1,0
1,1,13,c,1,4,8,10,12,14|0,0,1,0
1,1,14,c,1,4,8,10,12,14|0,0,0,1
1,1,15,c,1,4,8,10,12,14|0,0,0,1
1,1,16,c,1,4,8,10,12,14|0,0,0,1
1,1,17,c,1,4,8,10,12,14|0,0,0,1
1,1,18,c,1,4,8,10,12,14|0,0,0,1
1,2,6,c,1,4,8,10,12,14|2,0,0,0
1,2,7,c,1,4,8,10,12,14|2,0,0,0
1,2,8,c,1,4,8,10,12,14|2,0,0,0
1,2,9,c,1,4,8,10,12,14|1,1,0,0
1,2,10,c,1,4,8,10,12,14|0,2,0,0
1,2,11,c,1,4,8,10,12,14|0,1,1,0
1,2,12,c,1,4,8,10,12,14|0,0,2,0
1,2,13,c,1,4,8,10,12,14|0,0,1,1
1,2,14,c,1,4,8,10,12,14|0,0,0,2
1,2,15,c,1,4,8,10,12,14|0,0,0,2
1,2,16,c,1,4,8,10,12,14|0,0,0,2
1,2,17,c,1,4,8,10,12,14|0,0,0,2
1,2,18,c,1,4,8,10,12,14|0,0,0,2
1,3,6,c,1,4,8,10,12,14|3,0,0,0
1,3,7,c,1,4,8,10,12,14|3,0,0,0
1,3,8,c,1,4,8,10,12,14|3,0,0,0
1,3,9,c,1,4,8,10,12,14|2,1,0,0
1,3,10,c,1,4,8,10,12,14|0,3,0,0
1,3,11,c,1,4,8,10,12,14|0,2,1,0
1,3,12,c,1,4,8,10,12,14|0,0,3,0
1,3,13,c,1,4,8,10,12,14|0,0,2,1
1,3,14,c,1,4,8,10,12,14|0,0,0,3
1,3,15,c,1,4,8,10,12,14|0,0,0,3
1,3,16,c,1,4,8,10,12,14|0,0,0,3
1,3,17,c,1,4,8,10,12,14|0,0,0,3
1,3,18,c,1,4,8,10,12,14|0,0,0,3
1,7,6,c,1,4,8,10,12,14|7,0,0,0
1,7,7,c,1,4,8,10,12,14|7,0,0,0
1,7,8,c,1,4,8,10,12,14|7,0,0,0
1,7,9,c,1,4,8,10,12,14|4,3,0,0
1,7,10,c,1,4,8,10,12,14|0,7,0,0
1,7,11,c,1,4,8,10,12,14|0,4,3,0
1,7,12,c,1,4,8,10,12,14|0,0,7,0
1,7,13,c,1,4,8,10,12,14|0,0,4,3
1,7,14,c,1,4,8,10,12,14|0,0,0,7
1,7,15,c,1,4,8,10,12,14|0,0,0,7
1,7,16,c,1,4,8,10,12,14|0,0,0,7
1,7,17,c,1,4,8,10,12,14|0,0,0,7
1,7,18,c,1,4,8,10,12,14|0,0,0,7
1,8,6,c,1,4,8,10,12,14|8,0,0,0
1,8,7,c,1,4,8,10,12,14|8,0,0,0
1,8,8,c,1,4,8,10,12,14|8,0,0,0
1,8,9,c,1,4,8,10,12,14|4,4,0,0
1,8,10,c,1,4,8,10,12,14|0,8,0,0
1,8,11,c,1,4,8,10,12,14|0,4,4,0
1,8,12,c,1,4,8,10,12,14|0,0,8,0
1,8,13,c,1,4,8,10,12,14|0,0,4,4
1,8,14,c,1,4,8,10,12,14|0,0,0,8
1,8,15,c,1,4,8,10,12,14|0,0,0,8
1,8,16,c,1,4,8,10,12,14|0,0,0,8
1,8,17,c,1,4,8,10,12,14|0,0,0,8
1,8,18,c,1,4,8,10,12,14|0,0,0,8
1,16,6,c,1,4,8,10,12,14|16,0,0,0
1,16,7,c,1,4,8,10,12,14|16,0,0,0
1,16,8,c,1,4,8,10,12,14|16,0,0,0
1,16,9,c,1,4,8,10,12,14|8,8,0,0
1,16,10,c,1,4,8,10,12,14|0,16,0,0
1,16,11,c,1,4,8,10,12,14|0,8,8,0
1,16,12,c,1,4,8,10,12,14|0,0,16,0
1,16,13,c,1,4,8,10,12,14|0,0,8,8
1,16,14,c,1,4,8,10,12,14|0,0,0,16
1,16,15,c,1,4,8,10,12,14|0,0,0,16
1,16,16,c,1,4,8,10,12,14|0,0,0,16
1,16,17,c,1,4,8,10,12,14|0,0,0,16
1,16,18,c,1,4,8,10,12,14|0,0,0,16
1,63,6,c,1,4,8,10,12,14|63,0,0,0
1,63,7,c,1,4,8,10,12,14|63,0,0,0
1,63,8,c,1,4,8,10,12,14|63,0,0,0
1,63,9,c,1,4,8,10,12,14|32,31,0,0
1,63,10,c,1,4,8,10,12,14|0,63,0,0
1,63,11,c,1,4,8,10,12,14|0,32,31,0
1,63,12,c,1,4,8,10,12,14|0,0,63,0
1,63,13,c,1,4,8,10,12,14|0,0,32,31
1,63,14,c,1,4,8,10,12,14|0,0,0,63
1,63,15,c,1,4,8,10,12,14|0,0,0,63
1,63,16,c,1,4,8,10,12,14|0,0,0,63
1,63,17,c,1,4,8,10,12,14|0,0,0,63
1,63,18,c,1,4,8,10,12,14|0,0,0,63
1,1000,6,c,1,4,8,10,12,14|1000,0,0,0
1,1000,7,c,1,4,8,10,12,14|1000,0,0,0
1,1000,8,c,1,4,8,10,12,14|1000,0,0,0
1,1000,9,c,1,4,8,10,12,14|500,500,0,0
1,1000,10,c,1,4,8,10,12,14|0,1000,0,0
1,1000,11,c,1,4,8,10,12,14|0,500,500,0
1,1000,12,c,1,4,8,10,12,14|0,0,1000,0
1,1000,13,c,1,4,8,10,12,14|0,0,500,500
1,1000,14,c,1,4,8,10,12,14|0,0,0,1000
1,1000,15,c,1,4,8,10,12,14|0,0,0,1000
1,1000,16,c,1,4,8,10,12,14|0,0,0,1000
1,1000,17,c,1,4,8,10,12,14|0,0,0,1000
1,1000,18,c,1,4,8,10,12,14|0,0,0,1000
2,1,6,c,1,4,8,10,12,14|1,0,0,0,0
2,1,7,c,1,4,8,10,12,14|1,0,0,0,0
2,1,8,c,1,4,8,10,12,14|1,0,0,0,0
2,1,9,c,1,4,8,10,12,14|0,1,0,0,0
2,1,10,c,1,4,8,10,12,14|0,1,0,0,0
2,1,11,c,1,4,8,10,12,14|0,0,1,0,0
2,1,12,c,1,4,8,10,12,14|0,0,1,0,0
2,1,13,c,1,4,8,10,12,14|0,0,0,1,0
2,1,14,c,1,4,8,10,12,14|0,0,0,0,1
2,1,15,c,1,4,8,10,12,14|0,0,0,0,1
2,1,16,c,1,4,8,10,12,14|0,0,0,0,1
2,1,17,c,1,4,8,10,12,14|0,0,0,0,1
2,1,18,c,1,4,8,10,12,14|0,0,0,0,1
2,2,6,c,1,4,8,10,12,14|2,0,0,0,0
2,2,7,c,1,4,8,10,12,14|2,0,0,0,0
2,2,8,c,1,4,8,10,12,14|2,0,0,0,0
2,2,9,c,1,4,8,10,12,14|1,1,0,0,0
2,2,10,c,1,4,8,10,12,14|0,1,1,0,0
2,2,11,c,1,4,8,10,12,14|0,0,2,0,0
2,2,12,c,1,4,8,10,12,14|0,0,1,1,0
2,2,13,c,1,4,8,10,12,14|0,0,0,1,1
2,2,14,c,1,4,8,10,12,14|0,0,0,0,2
2,2,15,c,1,4,8,10,12,14|0,0,0,0,2
2,2,16,c,1,4,8,10,12,14|0,0,0,0,2
2,2,17,c,1,4,8,10,12,14|0,0,0,0,2
2,2,18,c,1,4,8,10,12,14|0,0,0,0,2
2,3,6,c,1,4,8,10,12,14|3,0,0,0,0
2,3,7,c,1,4,8,10,12,14|3,0,0,0,0
2,3,8,c,1,4,8,10,12,14|3,0,0,0,0
2,3,9,c,1,4,8,10,12,14|1,2,0,0,0
2,3,10,c,1,4,8,10,12,14|0,2,1,0,0
2,3,11,c,1,4,8,10,12,14|0,1,2,0,0
2,3,12,c,1,4,8,10,12,14|0,0,2,1,0
2,3,13,c,1,4,8,10,12,14|0,0,0,2,1
2,3,14,c,1,4,8,10,12,14|0,0,0,0,3
2,3,15,c,1,4,8,10,12,14|0,0,0,0,3
2,3,16,c,1,4,8,10,12,14|0,0,0,0,3
2,3,17,c,1,4,8,10,12,14|0,0,0,0,3
2,3,18,c,1,4,8,10,12,14|0,0,0,0,3
2,7,6,c,1,4,8,10,12,14|7,0,0,0,0
2,7,7,c,1,4,8,10,12,14|7,0,0,0,0
2,7,8,c,1,4,8,10,12,14|7,0,0,0,0
2,7,9,c,1,4,8,10,12,14|2,4,1,0,0
2,7,10,c,1,4,8,10,12,14|0,4,3,0,0
2,7,11,c,1,4,8,10,12,14|0,1,5,1,0
2,7,12,c,1,4,8,10,12,14|0,0,4,3,0
2,7,13,c,1,4,8,10,12,14|0,0,1,4,2
2,7,14,c,1,4,8,10,12,14|0,0,0,0,7
2,7,15,c,1,4,8,10,12,14|0,0,0,0,7
2,7,16,c,1,4,8,10,12,14|0,0,0,0,7
2,7,17,c,1,4,8,10,12,14|0,0,0,0,7
2,7,18,c,1,4,8,10,12,14|0,0,0,0,7
2,8,6,c,1,4,8,10,12,14|8,0,0,0,0
2,8,7,c,1,4,8,10,12,14|8,0,0,0,0
2,8,8,c,1,4,8,10,12,14|8,0,0,0,0
2,8,9,c,1,4,8,10,12,14|2,5,1,0,0
2,8,10,c,1,4,8,10,12,14|0,4,4,0,0
2,8,11,c,1,4,8,10,12,14|0,1,6,1,0
2,8,12,c,1,4,8,10,12,14|0,0,4,4,0
2,8,13,c,1,4,8,10,12,14|0,0,1,5,2
2,8,14,c,1,4,8,10,12,14|0,0,0,0,8
2,8,15,c,1,4,8,10,12,14|0,0,0,0,8
2,8,16,c,1,4,8,10,12,14|0,0,0,0,8
2,8,17,c,1,4,8,10,12,14|0,0,0,0,8
2,8,18,c,1,4,8,10,12,14|0,0,0,0,8
2,16,6,c,1,4,8,10,12,14|16,0,0,0,0
2,16,7,c,1,4,8,10,12,14|16,0,0,0,0
2,16,8,c,1,4,8,10,12,14|16,0,0,0,0
2,16,9,c,1,4,8,10,12,14|4,10,2,0,0
2,16,10,c,1,4,8,10,12,14|0,8,8,0,0
2,16,11,c,1,4,8,10,12,14|0,2,12,2,0
2,16,12,c,1,4,8,10,12,14|0,0,8,8,0
2,16,13,c,1,4,8,10,12,14|0,0,2,10,4
2,16,14,c,1,4,8,10,12,14|0,0,0,0,16
2,16,15,c,1,4,8,10,12,14|0,0,0,0,16
2,16,16,c,1,4,8,10,12,14|0,0,0,0,16
2,16,17,c,1,4,8,10,12,14|0,0,0,0,16
2,16,18,c,1,4,8,10,12,14|0,0,0,0,16
2,63,6,c,1,4,8,10,12,14|63,0,0,0,0
2,63,7,c,1,4,8,10,12,14|63,0,0,0,0
2,63,8,c,1,4,8,10,12,14|63,0,0,0,0
2,63,9,c,1,4,8,10,12,14|16,39,8,0,0
2,63,10,c,1,4,8,10,12,14|0,32,31,0,0
2,63,11,c,1,4,8,10,12,14|0,8,47,8,0
2,63,12,c,1,4,8,10,12,14|0,0,32,31,0
2,63,13,c,1,4,8,10,12,14|0,0,8,39,16
2,63,14,c,1,4,8,10,12,14|0,0,0,0,63
2,63,15,c,1,4,8,10,12,14|0,0,0,0,63
2,63,16,c,1,4,8,10,12,14|0,0,0,0,63
2,63,17,c,1,4,8,10,12,14|0,0,0,0,63
2,63,18,c,1,4,8,10,12,14|0,0,0,0,63
2,1000,6,c,1,4,8,10,12,14|1000,0,0,0,0
2,1000,7,c,1,4,8,10,12,14|1000,0,0,0,0
2,1000,8,c,1,4,8,10,12,14|1000,0,0,0,0
2,1000,9,c,1,4,8,10,12,14|250,625,125,0,0
2,1000,10,c,1,4,8,10,12,14|0,500,500,0,0
2,1000,11,c,1,4,8,10,12,14|0,125,750,125,0
2,1000,12,c,1,4,8,10,12,14|0,0,500,500,0
2,1000,13,c,1,4,8,10,12,14|0,0,125,625,250
2,1000,14,c,1,4,8,10,12,14|0,0,0,0,1000
2,1000,15,c,1,4,8,10,12,14|0,0,0,0,1000
2,1000,16,c,1,4,8,10,12,14|0,0,0,0,1000
2,1000,17,c,1,4,8,10,12,14|0,0,0,0,1000
2,1000,18,c,1,4,8,10,12,14|0,0,0,0,1000
3,1,6,c,1,4,8,10,12,14|1,0,0,0,0,0
3,1,7,c,1,4,8,10,12,14|1,0,0,0,0,0
3,1,8,c,1,4,8,10,12,14|1,0,0,0,0,0
3,1,9,c,1,4,8,10,12,14|0,1,0,0,0,0
3,1,10,c,1,4,8,10,12,14|0,0,1,0,0,0
3,1,11,c,1,4,8,10,12,14|0,0,1,0,0,0
3,1,12,c,1,4,8,10,12,14|0,0,0,1,0,0
3,1,13,c,1,4,8,10,12,14|0,0,0,0,1,0
3,1,14,c,1,4,8,10,12,14|0,0,0,0,0,1
3,1,15,c,1,4,8,10,12,14|0,0,0,0,0,1
3,1,16,c,1,4,8,10,12,14|0,0,0,0,0,1
3,1,17,c,1,4,8,10,12,14|0,0,0,0,0,1
3,1,18,c,1,4,8,10,12,14|0,0,0,0,0,1
3,2,6,c,1,4,8,10,12,14|2,0,0,0,0,0
3,2,7,c,1,4,8,10,12,14|2,0,0,0,0,0
3,2,8,c,1,4,8,10,12,14|2,0,0,0,0,0
3,2,9,c,1,4,8,10,12,14|0,1,1,0,0,0
3,2,10,c,1,4,8,10,12,14|0,1,1,0,0,0
3,2,11,c,1,4,8,10,12,14|0,0,1,1,0,0
3,2,12,c,1,4,8,10,12,14|0,0,0,1,1,0
3,2,13,c,1,4,8,10,12,14|0,0,0,1,1,0
3,2,14,c,1,4,8,10,12,14|0,0,0,0,0,2
3,2,15,c,1,4,8,10,12,14|0,0,0,0,0,2
3,2,16,c,1,4,8,10,12,14|0,0,0,0,0,2
3,2,17,c,1,4,8,10,12,14|0,0,0,0,0,2
3,2,18,c,1,4,8,10,12,14|0,0,0,0,0,2
3,3,6,c,1,4,8,10,12,14|3,0,0,0,0,0
3,3,7,c,1,4,8,10,12,14|3,0,0,0,0,0
3,3,8,c,1,4,8,10,12,14|3,0,0,0,0,0
3,3,9,c,1,4,8,10,12,14|0,2,1,0,0,0
3,3,10,c,1,4,8,10,12,14|0,1,2,0,0,0
3,3,11,c,1,4,8,10,12,14|0,0,2,1,0,0
3,3,12,c,1,4,8,10,12,14|0,0,0,2,1,0
3,3,13,c,1,4,8,10,12,14|0,0,0,1,2,0
3,3,14,c,1,4,8,10,12,14|0,0,0,0,0,3
3,3,15,c,1,4,8,10,12,14|0,0,0,0,0,3
3,3,16,c,1,4,8,10,12,14|0,0,0,0,0,3
3,3,17,c,1,4,8,10,12,14|0,0,0,0,0,3
3,3,18,c,1,4,8,10,12,14|0,0,0,0,0,3
3,7,6,c,1,4,8,10,12,14|7,0,0,0,0,0
3,7,7,c,1,4,8,10,12,14|7,0,0,0,0,0
3,7,8,c,1,4,8,10,12,14|7,0,0,0,0,0
3,7,9,c,1,4,8,10,12,14|1,4,2,0,0,0
3,7,10,c,1,4,8,10,12,14|0,2,4,1,0,0
3,7,11,c,1,4,8,10,12,14|0,0,4,3,0,0
3,7,12,c,1,4,8,10,12,14|0,0,1,4,2,0
3,7,13,c,1,4,8,10,12,14|0,0,0,2,4,1
3,7,14,c,1,4,8,10,12,14|0,0,0,0,0,7
3,7,15,c,1,4,8,10,12,14|0,0,0,0,0,7
3,7,16,c,1,4,8,10,12,14|0,0,0,0,0,7
3,7,17,c,1,4,8,10,12,14|0,0,0,0,0,7
3,7,18,c,1,4,8,10,12,14|0,0,0,0,0,7
3,8,6,c,1,4,8,10,12,14|8,0,0,0,0,0
3,8,7,c,1,4,8,10,12,14|8,0,0,0,0,0
3,8,8,c,1,4,8,10,12,14|8,0,0,0,0,0
3,8,9,c,1,4,8,10,12,14|1,5,2,0,0,0
3,8,10,c,1,4,8,10,12,14|0,2,5,1,0,0
3,8,11,c,1,4,8,10,12,14|0,0,4,4,0,0
3,8,12,c,1,4,8,10,12,14|0,0,1,5,2,0
3,8,13,c,1,4,8,10,12,14|0,0,0,2,5,1
3,8,14,c,1,4,8,10,12,14|0,0,0,0,0,8
3,8,15,c,1,4,8,10,12,14|0,0,0,0,0,8
3,8,16,c,1,4,8,10,12,14|0,0,0,0,0,8
3,8,17,c,1,4,8,10,12,14|0,0,0,0,0,8
3,8,18,c,1,4,8,10,12,14|0,0,0,0,0,8
3,16,6,c,1,4,8,10,12,14|16,0,0,0,0,0
3,16,7,c,1,4,8,10,12,14|16,0,0,0,0,0
3,16,8,c,1,4,8,10,12,14|16,0,0,0,0,0
3,16,9,c,1,4,8,10,12,14|2,10,4,0,0,0
3,16,10,c,1,4,8,10,12,14|0,4,9,3,0,0
3,16,11,c,1,4,8,10,12,14|0,1,8,7,0,0
3,16,12,c,1,4,8,10,12,14|0,0,3,9,4,0
3,16,13,c,1,4,8,10,12,14|0,0,0,4,10,2
3,16,14,c,1,4,8,10,12,14|0,0,0,0,0,16
3,16,15,c,1,4,8,10,12,14|0,0,0,0,0,16
3,16,16,c,1,4,8,10,12,14|0,0,0,0,0,16
3,16,17,c,1,4,8,10,12,14|0,0,0,0,0,16
3,16,18,c,1,4,8,10,12,14|0,0,0,0,0,16
3,63,6,c,1,4,8,10,12,14|63,0,0,0,0,0
3,63,7,c,1,4,8,10,12,14|63,0,0,0,0,0
3,63,8,c,1,4,8,10,12,14|63,0,0,0,0,0
3,63,9,c,1,4,8,10,12,14|8,38,16,1,0,0
3,63,10,c,1,4,8,10,12,14|0,16,37,10,0,0
3,63,11,c,1,4,8,10,12,14|0,2,30,29,2,0
3,63,12,c,1,4,8,10,12,14|0,0,10,37,16,0
3,63,13,c,1,4,8,10,12,14|0,0,1,17,37,8
3,63,14,c,1,4,8,10,12,14|0,0,0,0,0,63
3,63,15,c,1,4,8,10,12,14|0,0,0,0,0,63
3,63,16,c,1,4,8,10,12,14|0,0,0,0,0,63
3,63,17,c,1,4,8,10,12,14|0,0,0,0,0,63
3,63,18,c,1,4,8,10,12,14|0,0,0,0,0,63
3,1000,6,c,1,4,8,10,12,14|1000,0,0,0,0,0
3,1000,7,c,1,4,8,10,12,14|1000,0,0,0,0,0
3,1000,8,c,1,4,8,10,12,14|1000,0,0,0,0,0
3,1000,9,c,1,4,8,10,12,14|125,594,260,21,0,0
3,1000,10,c,1,4,8,10,12,14|0,250,583,167,0,0
3,1000,11,c,1,4,8,10,12,14|0,31,469,469,31,0
3,1000,12,c,1,4,8,10,12,14|0,0,167,583,250,0
3,1000,13,c,1,4,8,10,12,14|0,0,21,260,594,125
3,1000,14,c,1,4,8,10,12,14|0,0,0,0,0,1000
3,1000,15,c,1,4,8,10,12,14|0,0,0,0,0,1000
3,1000,16,c,1,4,8,10,12,14|0,0,0,0,0,1000
3,1000,17,c,1,4,8,10,12,14|0,0,0,0,0,1000
3,1000,18,c,1,4,8,10,12,14|0,0,0,0,0,1000
1,1,0,c,3,6,0,8,16,24,32,40|1,0,0,0,0,0
1,1,1,c,3,6,0,8,16,24,32,40|1,0,0,0,0,0
1,1,2,c,3,6,0,8,16,24,32,40|1,0,0,0,0,0
1,1,3,c,3,6,0,8,16,24,32,40|1,0,0,0,0,0
1,1,4,c,3,6,0,8,16,24,32,40|1,0,0,0,0,0
1,1,5,c,3,6,0,8,16,24,32,40|0,1,0,0,0,0
1,1,6,c,3,6,0,8,16,24,32,40|0,1,0,0,0,0
1,1,7,c,3,6,0,8,16,24,32,40|0,1,0,0,0,0
1,1,8,c,3,6,0,8,16,24,32,40|0,1,0,0,0,0
1,1,9,c,3,6,0,8,16,24,32,40|0,1,0,0,0,0
1,1,10,c,3,6,0,8,16,24,32,40|0,1,0,0,0,0
1,1,11,c,3,6,0,8,16,24,32,40|0,1,0,0,0,0
1,1,12,c,3,6,0,8,16,24,32,40|0,1,0,0,0,0
1,1,13,c,3,6,0,8,16,24,32,40|0,0,1,0,0,0
1,1,14,c,3,6,0,8,16,24,32,40|0,0,1,0,0,0
1,1,15,c,3,6,0,8,16,24,32,40|0,0,1,0,0,0
1,1,16,c,3,6,0,8,16,24,32,40|0,0,1,0,0,0
1,1,17,c,3,6,0,8,16,24,32,40|0,0,1,0,0,0
1,1,18,c,3,6,0,8,16,24,32,40|0,0,1,0,0,0
1,1,19,c,3,6,0,8,16,24,32,40|0,0,1,0,0,0
1,1,20,c,3,6,0,8,16,24,32,40|0,0,1,0,0,0
1,1,21,c,3,6,0,8,16,24,32,40|0,0,0,1,0,0
1,1,22,c,3,6,0,8,16,24,32,40|0,0,0,1,0,0
1,1,23,c,3,6,0,8,16,24,32,40|0,0,0,1,0,0
1,1,24,c,3,6,0,8,16,24,32,40|0,0,0,1,0,0
1,1,25,c,3,6,0,8,16,24,32,40|0,0,0,1,0,0
1,1,26,c,3,6,0,8,16,24,32,40|0,0,0,1,0,0
1,1,27,c,3,6,0,8,16,24,32,40|0,0,0,1,0,0
1,1,28,c,3,6,0,8,16,24,32,40|0,0,0,1,0,0
1,1,29,c,3,6,0,8,16,24,32,40|0,0,0,0,1,0
1,1,30,c,3,6,0,8,16,24,32,40|0,0,0,0,1,0
1,1,31,c,3,6,0,8,16,24,32,40|0,0,0,0,1,0
1,1,32,c,3,6,0,8,16,24,32,40|0,0,0,0,1,0
1,1,33,c,3,6,0,8,16,24,32,40|0,0,0,0,1,0
1,1,34,c,3,6,0,8,16,24,32,40|0,0,0,0,1,0
1,1,35,c,3,6,0,8,16,24,32,40|0,0,0,0,1,0
1,1,36,c,3,6,0,8,16,24,32,40|0,0,0,0,1,0
1,1,37,c,3,6,0,8,16,24,32,40|0,0,0,0,0,1
1,1,38,c,3,6,0,8,16,24,32,40|0,0,0,0,0,1
1,1,39,c,3,6,0,8,16,24,32,40|0,0,0,0,0,1
1,1,40,c,3,6,0,8,16,24,32,40|0,0,0,0,0,1
1,1,41,c,3,6,0,8,16,24,32,40|0,0,0,0,0,1
1,1,42,c,3,6,0,8,16,24,32,40|0,0,0,0,0,1
1,1,43,c,3,6,0,8,16,24,32,40|0,0,0,0,0,1
1,1,44,c,3,6,0,8,16,24,32,40|0,0,0,0,0,1
1,2,0,c,3,6,0,8,16,24,32,40|2,0,0,0,0,0
1,2,1,c,3,6,0,8,16,24,32,40|2,0,0,0,0,0
1,2,2,c,3,6,0,8,16,24,32,40|2,0,0,0,0,0
1,2,3,c,3,6,0,8,16,24,32,40|1,1,0,0,0,0
1,2,4,c,3,6,0,8,16,24,32,40|1,1,0,0,0,0
1,2,5,c,3,6,0,8,16,24,32,40|1,1,0,0,0,0
1,2,6,c,3,6,0,8,16,24,32,40|1,1,0,0,0,0
1,2,7,c,3,6,0,8,16,24,32,40|0,2,0,0,0,0
1,2,8,c,3,6,0,8,16,24,32,40|0,2,0,0,0,0
1,2,9,c,3,6,0,8,16,24,32,40|0,2,0,0,0,0
1,2,10,c,3,6,0,8,16,24,32,40|0,2,0,0,0,0
1,2,11,c,3,6,0,8,16,24,32,40|0,1,1,0,0,0
1,2,12,c,3,6,0,8,16,24,32,40|0,1,1,0,0,0
1,2,13,c,3,6,0,8,16,24,32,40|0,1,1,0,0,0
1,2,14,c,3,6,0,8,16,24,32,40|0,1,1,0,0,0
1,2,15,c,3,6,0,8,16,24,32,40|0,0,2,0,0,0
1,2,16,c,3,6,0,8,16,24,32,40|0,0,2,0,0,0
1,2,17,c,3,6,0,8,16,24,32,40|0,0,2,0,0,0
1,2,18,c,3,6,0,8,16,24,32,40|0,0,2,0,0,0
1,2,19,c,3,6,0,8,16,24,32,40|0,0,1,1,0,0
1,2,20,c,3,6,0,8,16,24,32,40|0,0,1,1,0,0
1,2,21,c,3,6,0,8,16,24,32,40|0,0,1,1,0,0
1,2,22,c,3,6,0,8,16,24,32,40|0,0,1,1,0,0
1,2,23,c,3,6,0,8,16,24,32,40|0,0,0,2,0,0
1,2,24,c,3,6,0,8,16,24,32,40|0,0,0,2,0,0
1,2,25,c,3,6,0,8,16,24,32,40|0,0,0,2,0,0
1,2,26,c,3,6,0,8,16,24,32,40|0,0,0,2,0,0
1,2,27,c,3,6,0,8,16,24,32,40|0,0,0,1,1,0
1,2,28,c,3,6,0,8,16,24,32,40|0,0,0,1,1,0
1,2,29,c,3,6,0,8,16,24,32,40|0,0,0,1,1,0
1,2,30,c,3,6,0,8,16,24,32,40|0,0,0,1,1,0
1,2,31,c,3,6,0,8,16,24,32,40|0,0,0,0,2,0
1,2,32,c,3,6,0,8,16,24,32,40|0,0,0,0,2,0
1,2,33,c,3,6,0,8,16,24,32,40|0,0,0,0,2,0
1,2,34,c,3,6,0,8,16,24,32,40|0,0,0,0,2,0
1,2,35,c,3,6,0,8,16,24,32,40|0,0,0,0,1,1
1,2,36,c,3,6,0,8,16,24,32,40|0,0,0,0,1,1
1,2,37,c,3,6,0,8,16,24,32,40|0,0,0,0,1,1
1,2,38,c,3,6,0,8,16,24,32,40|0,0,0,0,1,1
1,2,39,c,3,6,0,8,16,24,32,40|0,0,0,0,0,2
1,2,40,c,3,6,0,8,16,24,32,40|0,0,0,0,0,2
1,2,41,c,3,6,0,8,16,24,32,40|0,0,0,0,0,2
1,2,42,c,3,6,0,8,16,24,32,40|0,0,0,0,0,2
1,2,43,c,3,6,0,8,16,24,32,40|0,0,0,0,0,2
1,2,44,c,3,6,0,8,16,24,32,40|0,0,0,0,0,2
1,3,0,c,3,6,0,8,16,24,32,40|3,0,0,0,0,0
1,3,1,c,3,6,0,8,16,24,32,40|3,0,0,0,0,0
1,3,2,c,3,6,0,8,16,24,32,40|2,1,0,0,0,0
1,3,3,c,3,6,0,8,16,24,32,40|2,1,0,0,0,0
1,3,4,c,3,6,0,8,16,24,32,40|2,1,0,0,0,0
1,3,5,c,3,6,0,8,16,24,32,40|1,2,0,0,0,0
1,3,6,c,3,6,0,8,16,24,32,40|1,2,0,0,0,0
1,3,7,c,3,6,0,8,16,24,32,40|0,3,0,0,0,0
1,3,8,c,3,6,0,8,16,24,32,40|0,3,0,0,0,0
1,3,9,c,3,6,0,8,16,24,32,40|0,3,0,0,0,0
1,3,10,c,3,6,0,8,16,24,32,40|0,2,1,0,0,0
1,3,11,c,3,6,0,8,16,24,32,40|0,2,1,0,0,0
1,3,12,c,3,6,0,8,16,24,32,40|0,2,1,0,0,0
1,3,13,c,3,6,0,8,16,24,32,40|0,1,2,0,0,0
1,3,14,c,3,6,0,8,16,24,32,40|0,1,2,0,0,0
1,3,15,c,3,6,0,8,16,24,32,40|0,0,3,0,0,0
1,3,16,c,3,6,0,8,16,24,32,40|0,0,3,0,0,0
1,3,17,c,3,6,0,8,16,24,32,40|0,0,3,0,0,0
1,3,18,c,3,6,0,8,16,24,32,40|0,0,2,1,0,0
1,3,19,c,3,6,0,8,16,24,32,40|0,0,2,1,0,0
1,3,20,c,3,6,0,8,16,24,32,40|0,0,2,1,0,0
1,3,21,c,3,6,0,8,16,24,32,40|0,0,1,2,0,0
1,3,22,c,3,6,0,8,16,24,32,40|0,0,1,2,0,0
1,3,23,c,3,6,0,8,16,24,32,40|0,0,0,3,0,0
1,3,24,c,3,6,0,8,16,24,32,40|0,0,0,3,0,0
1,3,25,c,3,6,0,8,16,24,32,40|0,0,0,3,0,0
1,3,26,c,3,6,0,8,16,24,32,40|0,0,0,2,1,0
1,3,27,c,3,6,0,8,16,24,32,40|0,0,0,2,1,0
1,3,28,c,3,6,0,8,16,24,32,40|0,0,0,2,1,0
1,3,29,c,3,6,0,8,16,24,32,40|0,0,0,1,2,0
1,3,30,c,3,6,0,8,16,24,32,40|0,0,0,1,2,0
1,3,31,c,3,6,0,8,16,24,32,40|0,0,0,0,3,0
1,3,32,c,3,6,0,8,16,24,32,40|0,0,0,0,3,0
1,3,33,c,3,6,0,8,16,24,32,40|0,0,0,0,3,0
1,3,34,c,3,6,0,8,16,24,32,40|0,0,0,0,2,1
1,3,35,c,3,6,0,8,16,24,32,40|0,0,0,0,2,1
1,3,36,c,3,6,0,8,16,24,32,40|0,0,0,0,2,1
1,3,37,c,3,6,0,8,16,24,32,40|0,0,0,0,1,2
1,3,38,c,3,6,0,8,16,24,32,40|0,0,0,0,1,2
1,3,39,c,3,6,0,8,16,24,32,40|0,0,0,0,0,3
1,3,40,c,3,6,0,8,16,24,32,40|0,0,0,0,0,3
1,3,41,c,3,6,0,8,16,24,32,40|0,0,0,0,0,3
1,3,42,c,3,6,0,8,16,24,32,40|0,0,0,0,0,3
1,3,43,c,3,6,0,8,16,24,32,40|0,0,0,0,0,3
1,3,44,c,3,6,0,8,16,24,32,40|0,0,0,0,0,3
1,7,0,c,3,6,0,8,16,24,32,40|7,0,0,0,0,0
1,7,1,c,3,6,0,8,16,24,32,40|6,1,0,0,0,0
1,7,2,c,3,6,0,8,16,24,32,40|5,2,0,0,0,0
1,7,3,c,3,6,0,8,16,24,32,40|4,3,0,0,0,0
1,7,4,c,3,6,0,8,16,24,32,40|4,3,0,0,0,0
1,7,5,c,3,6,0,8,16,24,32,40|3,4,0,0,0,0
1,7,6,c,3,6,0,8,16,24,32,40|2,5,0,0,0,0
1,7,7,c,3,6,0,8,16,24,32,40|1,6,0,0,0,0
1,7,8,c,3,6,0,8,16,24,32,40|0,7,0,0,0,0
1,7,9,c,3,6,0,8,16,24,32,40|0,6,1,0,0,0
1,7,10,c,3,6,0,8,16,24,32,40|0,5,2,0,0,0
1,7,11,c,3,6,0,8,16,24,32,40|0,4,3,0,0,0
1,7,12,c,3,6,0,8,16,24,32,40|0,4,3,0,0,0
1,7,13,c,3,6,0,8,16,24,32,40|0,3,4,0,0,0
1,7,14,c,3,6,0,8,16,24,32,40|0,2,5,0,0,0
1,7,15,c,3,6,0,8,16,24,32,40|0,1,6,0,0,0
1,7,16,c,3,6,0,8,16,24,32,40|0,0,7,0,0,0
1,7,17,c,3,6,0,8,16,24,32,40|0,0,6,1,0,0
1,7,18,c,3,6,0,8,16,24,32,40|0,0,5,2,0,0
1,7,19,c,3,6,0,8,16,24,32,40|0,0,4,3,0,0
1,7,20,c,3,6,0,8,16,24,32,40|0,0,4,3,0,0
1,7,21,c,3,6,0,8,16,24,32,40|0,0,3,4,0,0
1,7,22,c,3,6,0,8,16,24,32,40|0,0,2,5,0,0
1,7,23,c,3,6,0,8,16,24,32,40|0,0,1,6,0,0
1,7,24,c,3,6,0,8,16,24,32,40|0,0,0,7,0,0
1,7,25,c,3,6,0,8,16,24,32,40|0,0,0,6,1,0
1,7,26,c,3,6,0,8,16,24,32,40|0,0,0,5,2,0
1,7,27,c,3,6,0,8,16,24,32,40|0,0,0,4,3,0
1,7,28,c,3,6,0,8,16,24,32,40|0,0,0,4,3,0
1,7,29,c,3,6,0,8,16,24,32,40|0,0,0,3,4,0
1,7,30,c,3,6,0,8,16,24,32,40|0,0,0,2,5,0
1,7,31,c,3,6,0,8,16,24,32,40|0,0,0,1,6,0
1,7,32,c,3,6,0,8,16,24,32,40|0,0,0,0,7,0
1,7,33,c,3,6,0,8,16,24,32,40|0,0,0,0,6,1
1,7,34,c,3,6,0,8,16,24,32,40|0,0,0,0,5,2
1,7,35,c,3,6,0,8,16,24,32,40|0,0,0,0,4,3
1,7,36,c,3,6,0,8,16,24,32,40|0,0,0,0,4,3
1,7,37,c,3,6,0,8,16,24,32,40|0,0,0,0,3,4
1,7,38,c,3,6,0,8,16,24,32,40|0,0,0,0,2,5
1,7,39,c,3,6,0,8,16,24,32,40|0,0,0,0,1,6
1,7,40,c,3,6,0,8,16,24,32,40|0,0,0,0,0,7
1,7,41,c,3,6,0,8,16,24,32,40|0,0,0,0,0,7
1,7,42,c,3,6,0,8,16,24,32,40|0,0,0,0,0,7
1,7,43,c,3,6,0,8,16,24,32,40|0,0,0,0,0,7
1,7,44,c,3,6,0,8,16,24,32,40|0,0,0,0,0,7
1,8,0,c,3,6,0,8,16,24,32,40|8,0,0,0,0,0
1,8,1,c,3,6,0,8,16,24,32,40|7,1,0,0,0,0
1,8,2,c,3,6,0,8,16,24,32,40|6,2,0,0,0,0
1,8,3,c,3,6,0,8,16,24,32,40|5,3,0,0,0,0
1,8,4,c,3,6,0,8,16,24,32,40|4,4,0,0,0,0
1,8,5,c,3,6,0,8,16,24,32,40|3,5,0,0,0,0
1,8,6,c,3,6,0,8,16,24,32,40|2,6,0,0,0,0
1,8,7,c,3,6,0,8,16,24,32,40|1,7,0,0,0,0
1,8,8,c,3,6,0,8,16,24,32,40|0,8,0,0,0,0
1,8,9,c,3,6,0,8,16,24,32,40|0,7,1,0,0,0
1,8,10,c,3,6,0,8,16,24,32,40|0,6,2,0,0,0
1,8,11,c,3,6,0,8,16,24,32,40|0,5,3,0,0,0
1,8,12,c,3,6,0,8,16,24,32,40|0,4,4,0,0,0
1,8,13,c,3,6,0,8,16,24,32,40|0,3,5,0,0,0
1,8,14,c,3,6,0,8,16,24,32,40|0,2,6,0,0,0
1,8,15,c,3,6,0,8,16,24,32,40|0,1,7,0,0,0
1,8,16,c,3,6,0,8,16,24,32,40|0,0,8,0,0,0
1,8,17,c,3,6,0,8,16,24,32,40|0,0,7,1,0,0
1,8,18,c,3,6,0,8,16,24,32,40|0,0,6,2,0,0
1,8,19,c,3,6,0,8,16,24,32,40|0,0,5,3,0,0
1,8,20,c,3,6,0,8,16,24,32,40|0,0,4,4,0,0
1,8,21,c,3,6,0,8,16,24,32,40|0,0,3,5,0,0
1,8,22,c,3,6,0,8,16,24,32,40|0,0,2,6,0,0
1,8,23,c,3,6,0,8,16,24,32,40|0,0,1,7,0,0
1,8,24,c,3,6,0,8,16,24,32,40|0,0,0,8,0,0
1,8,25,c,3,6,0,8,16,24,32,40|0,0,0,7,1,0
1,8,26,c,3,6,0,8,16,24,32,40|0,0,0,6,2,0
1,8,27,c,3,6,0,8,16,24,32,40|0,0,0,5,3,0
1,8,28,c,3,6,0,8,16,24,32,40|0,0,0,4,4,0
1,8,29,c,3,6,0,8,16,24,32,40|0,0,0,3,5,0
1,8,30,c,3,6,0,8,16,24,32,40|0,0,0,2,6,0
1,8,31,c,3,6,0,8,16,24,32,40|0,0,0,1,7,0
1,8,32,c,3,6,0,8,16,24,32,40|0,0,0,0,8,0
1,8,33,c,3,6,0,8,16,24,32,40|0,0,0,0,7,1
1,8,34,c,3,6,0,8,16,24,32,40|0,0,0,0,6,2
1,8,35,c,3,6,0,8,16,24,32,40|0,0,0,0,5,3
1,8,36,c,3,6,0,8,16,24,32,40|0,0,0,0,4,4
1,8,37,c,3,6,0,8,16,24,32,40|0,0,0,0,3,5
1,8,38,c,3,6,0,8,16,24,32,40|0,0,0,0,2,6
1,8,39,c,3,6,0,8,16,24,32,40|0,0,0,0,1,7
1,8,40,c,3,6,0,8,16,24,32,40|0,0,0,0,0,8
1,8,41,c,3,6,0,8,16,24,32,40|0,0,0,0,0,8
1,8,42,c,3,6,0,8,16,24,32,40|0,0,0,0,0,8
1,8,43,c,3,6,0,8,16,24,32,40|0,0,0,0,0,8
1,8,44,c,3,6,0,8,16,24,32,40|0,0,0,0,0,8
1,16,0,c,3,6,0,8,16,24,32,40|16,0,0,0,0,0
1,16,1,c,3,6,0,8,16,24,32,40|14,2,0,0,0,0
1,16,2,c,3,6,0,8,16,24,32,40|12,4,0,0,0,0
1,16,3,c,3,6,0,8,16,24,32,40|10,6,0,0,0,0
1,16,4,c,3,6,0,8,16,24,32,40|8,8,0,0,0,0
1,16,5,c,3,6,0,8,16,24,32,40|6,10,0,0,0,0
1,16,6,c,3,6,0,8,16,24,32,40|4,12,0,0,0,0
1,16,7,c,3,6,0,8,16,24,32,40|2,14,0,0,0,0
1,16,8,c,3,6,0,8,16,24,32,40|0,16,0,0,0,0
1,16,9,c,3,6,0,8,16,24,32,40|0,14,2,0,0,0
1,16,10,c,3,6,0,8,16,24,32,40|0,12,4,0,0,0
1,16,11,c,3,6,0,8,16,24,32,40|0,10,6,0,0,0
1,16,12,c,3,6,0,8,16,24,32,40|0,8,8,0,0,0
1,16,13,c,3,6,0,8,16,24,32,40|0,6,10,0,0,0
1,16,14,c,3,6,0,8,16,24,32,40|0,4,12,0,0,0
1,16,15,c,3,6,0,8,16,24,32,40|0,2,14,0,0,0
1,16,16,c,3,6,0,8,16,24,32,40|0,0,16,0,0,0
1,16,17,c,3,6,0,8,16,24,32,40|0,0,14,2,0,0
1,16,18,c,3,6,0,8,16,24,32,40|0,0,12,4,0,0
1,16,19,c,3,6,0,8,16,24,32,40|0,0,10,6,0,0
1,16,20,c,3,6,0,8,16,24,32,40|0,0,8,8,0,0
1,16,21,c,3,6,0,8,16,24,32,40|0,0,6,10,0,0
1,16,22,c,3,6,0,8,16,24,32,40|0,0,4,12,0,0
1,16,23,c,3,6,0,8,16,24,32,40|0,0,2,14,0,0
1,16,24,c,3,6,0,8,16,24,32,40|0,0,0,16,0,0
1,16,25,c,3,6,0,8,16,24,32,40|0,0,0,14,2,0
1,16,26,c,3,6,0,8,16,24,32,40|0,0,0,12,4,0
1,16,27,c,3,6,0,8,16,24,32,40|0,0,0,10,6,0
1,16,28,c,3,6,0,8,16,24,32,40|0,0,0,8,8,0
1,16,29,c,3,6,0,8,16,24,32,40|0,0,0,6,10,0
1,16,30,c,3,6,0,8,16,24,32,40|0,0,0,4,12,0
1,16,31,c,3,6,0,8,16,24,32,40|0,0,0,2,14,0
1,16,32,c,3,6,0,8,16,24,32,40|0,0,0,0,16,0
1,16,33,c,3,6,0,8,16,24,32,40|0,0,0,0,14,2
1,16,34,c,3,6,0,8,16,24,32,40|0,0,0,0,12,4
1,16,35,c,3,6,0,8,16,24,32,40|0,0,0,0,10,6
1,16,36,c,3,6,0,8,16,24,32,40|0,0,0,0,8,8
1,16,37,c,3,6,0,8,16,24,32,40|0,0,0,0,6,10
1,16,38,c,3,6,0,8,16,24,32,40|0,0,0,0,4,12
1,16,39,c,3,6,0,8,16,24,32,40|0,0,0,0,2,14
1,16,40,c,3,6,0,8,16,24,32,40|0,0,0,0,0,16
1,16,41,c,3,6,0,8,16,24,32,40|0,0,0,0,0,16
1,16,42,c,3,6,0,8,16,24,32,40|0,0,0,0,0,16
1,16,43,c,3,6,0,8,16,24,32,40|0,0,0,0,0,16
1,16,44,c,3,6,0,8,16,24,32,40|0,0,0,0,0,16
1,63,0,c,3,6,0,8,16,24,32,40|63,0,0,0,0,0
1,63,1,c,3,6,0,8,16,24,32,40|55,8,0,0,0,0
1,63,2,c,3,6,0,8,16,24,32,40|47,16,0,0,0,0
1,63,3,c,3,6,0,8,16,24,32,40|39,24,0,0,0,0
1,63,4,c,3,6,0,8,16,24,32,40|32,31,0,0,0,0
1,63,5,c,3,6,0,8,16,24,32,40|24,39,0,0,0,0
1,63,6,c,3,6,0,8,16,24,32,40|16,47,0,0,0,0
1,63,7,c,3,6,0,8,16,24,32,40|8,55,0,0,0,0
1,63,8,c,3,6,0,8,16,24,32,40|0,63,0,0,0,0
1,63,9,c,3,6,0,8,16,24,32,40|0,55,8,0,0,0
1,63,10,c,3,6,0,8,16,24,32,40|0,47,16,0,0,0
1,63,11,c,3,6,0,8,16,24,32,40|0,39,24,0,0,0
1,63,12,c,3,6,0,8,16,24,32,40|0,32,31,0,0,0
1,63,13,c,3,6,0,8,16,24,32,40|0,24,39,0,0,0
1,63,14,c,3,6,0,8,16,24,32,40|0,16,47,0,0,0
1,63,15,c,3,6,0,8,16,24,32,40|0,8,55,0,0,0
1,63,16,c,3,6,0,8,16,24,32,40|0,0,63,0,0,0
1,63,17,c,3,6,0,8,16,24,32,40|0,0,55,8,0,0
1,63,18,c,3,6,0,8,16,24,32,40|0,0,47,16,0,0
1,63,19,c,3,6,0,8,16,24,32,40|0,0,39,24,0,0
1,63,20,c,3,6,0,8,16,24,32,40|0,0,32,31,0,0
1,63,21,c,3,6,0,8,16,24,32,40|0,0,24,39,0,0
1,63,22,c,3,6,0,8,16,24,32,40|0,0,16,47,0,0
1,63,23,c,3,6,0,8,16,24,32,40|0,0,8,55,0,0
1,63,24,c,3,6,0,8,16,24,32,40|0,0,0,63,0,0
1,63,25,c,3,6,0,8,16,24,32,40|0,0,0,55,8,0
1,63,26,c,3,6,0,8,16,24,32,40|0,0,0,47,16,0
1,63,27,c,3,6,0,8,16,24,32,40|0,0,0,39,24,0
1,63,28,c,3,6,0,8,16,24,32,40|0,0,0,32,31,0
1,63,29,c,3,6,0,8,16,24,32,40|0,0,0,24,39,0
1,63,30,c,3,6,0,8,16,24,32,40|0,0,0,16,47,0
1,63,31,c,3,6,0,8,16,24,32,40|0,0,0,8,55,0
1,63,32,c,3,6,0,8,16,24,32,40|0,0,0,0,63,0
1,63,33,c,3,6,0,8,16,24,32,40|0,0,0,0,55,8
1,63,34,c,3,6,0,8,16,24,32,40|0,0,0,0,47,16
1,63,35,c,3,6,0,8,16,24,32,40|0,0,0,0,39,24
1,63,36,c,3,6,0,8,16,24,32,40|0,0,0,0,32,31
1,63,37,c,3,6,0,8,16,24,32,40|0,0,0,0,24,39
1,63,38,c,3,6,0,8,16,24,32,40|0,0,0,0,16,47
1,63,39,c,3,6,0,8,16,24,32,40|0,0,0,0,8,55
1,63,40,c,3,6,0,8,16,24,32,40|0,0,0,0,0,63
1,63,41,c,3,6,0,8,16,24,32,40|0,0,0,0,0,63
1,63,42,c,3,6,0,8,16,24,32,40|0,0,0,0,0,63
1,63,43,c,3,6,0,8,16,24,32,40|0,0,0,0,0,63
1,63,44,c,3,6,0,8,16,24,32,40|0,0,0,0,0,63
1,1000,0,c,3,6,0,8,16,24,32,40|1000,0,0,0,0,0
1,1000,1,c,3,6,0,8,16,24,32,40|875,125,0,0,0,0
1,1000,2,c,3,6,0,8,16,24,32,40|750,250,0,0,0,0
1,1000,3,c,3,6,0,8,16,24,32,40|625,375,0,0,0,0
1,1000,4,c,3,6,0,8,16,24,32,40|500,500,0,0,0,0
1,1000,5,c,3,6,0,8,16,24,32,40|375,625,0,0,0,0
1,1000,6,c,3,6,0,8,16,24,32,40|250,750,0,0,0,0
1,1000,7,c,3,6,0,8,16,24,32,40|125,875,0,0,0,0
1,1000,8,c,3,6,0,8,16,24,32,40|0,1000,0,0,0,0
1,1000,9,c,3,6,0,8,16,24,32,40|0,875,125,0,0,0
1,1000,10,c,3,6,0,8,16,24,32,40|0,750,250,0,0,0
1,1000,11,c,3,6,0,8,16,24,32,40|0,625,375,0,0,0
1,1000,12,c,3,6,0,8,16,24,32,40|0,500,500,0,0,0
1,1000,13,c,3,6,0,8,16,24,32,40|0,375,625,0,0,0
1,1000,14,c,3,6,0,8,16,24,32,40|0,250,750,0,0,0
1,1000,15,c,3,6,0,8,16,24,32,40|0,125,875,0,0,0
1,1000,16,c,3,6,0,8,16,24,32,40|0,0,1000,0,0,0
1,1000,17,c,3,6,0,8,16,24,32,40|0,0,875,125,0,0
1,1000,18,c,3,6,0,8,16,24,32,40|0,0,750,250,0,0
1,1000,19,c,3,6,0,8,16,24,32,40|0,0,625,375,0,0
1,1000,20,c,3,6,0,8,16,24,32,40|0,0,500,500,0,0
1,1000,21,c,3,6,0,8,16,24,32,40|0,0,375,625,0,0
1,1000,22,c,3,6,0,8,16,24,32,40|0,0,250,750,0,0
1,1000,23,c,3,6,0,8,16,24,32,40|0,0,125,875,0,0
1,1000,24,c,3,6,0,8,16,24,32,40|0,0,0,1000,0,0
1,1000,25,c,3,6,0,8,16,24,32,40|0,0,0,875,125,0
1,1000,26,c,3,6,0,8,16,24,32,40|0,0,0,750,250,0
1,1000,27,c,3,6,0,8,16,24,32,40|0,0,0,625,375,0
1,1000,28,c,3,6,0,8,16,24,32,40|0,0,0,500,500,0
1,1000,29,c,3,6,0,8,16,24,32,40|0,0,0,375,625,0
1,1000,30,c,3,6,0,8,16,24,32,40|0,0,0,250,750,0
1,1000,31,c,3,6,0,8,16,24,32,40|0,0,0,125,875,0
1,1000,32,c,3,6,0,8,16,24,32,40|0,0,0,0,1000,0
1,1000,33,c,3,6,0,8,16,24,32,40|0,0,0,0,875,125
1,1000,34,c,3,6,0,8,16,24,32,40|0,0,0,0,750,250
1,1000,35,c,3,6,0,8,16,24,32,40|0,0,0,0,625,375
1,1000,36,c,3,6,0,8,16,24,32,40|0,0,0,0,500,500
1,1000,37,c,3,6,0,8,16,24,32,40|0,0,0,0,375,625
1,1000,38,c,3,6,0,8,16,24,32,40|0,0,0,0,250,750
1,1000,39,c,3,6,0,8,16,24,32,40|0,0,0,0,125,875
1,1000,40,c,3,6,0,8,16,24,32,40|0,0,0,0,0,1000
1,1000,41,c,3,6,0,8,16,24,32,40|0,0,0,0,0,1000
1,1000,42,c,3,6,0,8,16,24,32,40|0,0,0,0,0,1000
1,1000,43,c,3,6,0,8,16,24,32,40|0,0,0,0,0,1000
1,1000,44,c,3,6,0,8,16,24,32,40|0,0,0,0,0,1000
2,1,0,c,3,6,0,8,16,24,32,40|1,0,0,0,0,0,0
2,1,1,c,3,6,0,8,16,24,32,40|1,0,0,0,0,0,0
2,1,2,c,3,6,0,8,16,24,32,40|1,0,0,0,0,0,0
2,1,3,c,3,6,0,8,16,24,32,40|0,1,0,0,0,0,0
2,1,4,c,3,6,0,8,16,24,32,40|0,1,0,0,0,0,0
2,1,5,c,3,6,0,8,16,24,32,40|0,1,0,0,0,0,0
2,1,6,c,3,6,0,8,16,24,32,40|0,1,0,0,0,0,0
2,1,7,c,3,6,0,8,16,24,32,40|0,1,0,0,0,0,0
2,1,8,c,3,6,0,8,16,24,32,40|0,1,0,0,0,0,0
2,1,9,c,3,6,0,8,16,24,32,40|0,0,1,0,0,0,0
2,1,10,c,3,6,0,8,16,24,32,40|0,0,1,0,0,0,0
2,1,11,c,3,6,0,8,16,24,32,40|0,0,1,0,0,0,0
2,1,12,c,3,6,0,8,16,24,32,40|0,0,1,0,0,0,0
2,1,13,c,3,6,0,8,16,24,32,40|0,0,1,0,0,0,0
2,1,14,c,3,6,0,8,16,24,32,40|0,0,1,0,0,0,0
2,1,15,c,3,6,0,8,16,24,32,40|0,0,1,0,0,0,0
2,1,16,c,3,6,0,8,16,24,32,40|0,0,1,0,0,0,0
2,1,17,c,3,6,0,8,16,24,32,40|0,0,0,1,0,0,0
2,1,18,c,3,6,0,8,16,24,32,40|0,0,0,1,0,0,0
2,1,19,c,3,6,0,8,16,24,32,40|0,0,0,1,0,0,0
2,1,20,c,3,6,0,8,16,24,32,40|0,0,0,1,0,0,0
2,1,21,c,3,6,0,8,16,24,32,40|0,0,0,1,0,0,0
2,1,22,c,3,6,0,8,16,24,32,40|0,0,0,1,0,0,0
2,1,23,c,3,6,0,8,16,24,32,40|0,0,0,1,0,0,0
2,1,24,c,3,6,0,8,16,24,32,40|0,0,0,1,0,0,0
2,1,25,c,3,6,0,8,16,24,32,40|0,0,0,0,1,0,0
2,1,26,c,3,6,0,8,16,24,32,40|0,0,0,0,1,0,0
2,1,27,c,3,6,0,8,16,24,32,40|0,0,0,0,1,0,0
2,1,28,c,3,6,0,8,16,24,32,40|0,0,0,0,1,0,0
2,1,29,c,3,6,0,8,16,24,32,40|0,0,0,0,1,0,0
2,1,30,c,3,6,0,8,16,24,32,40|0,0,0,0,1,0,0
2,1,31,c,3,6,0,8,16,24,32,40|0,0,0,0,1,0,0
2,1,32,c,3,6,0,8,16,24,32,40|0,0,0,0,1,0,0
2,1,33,c,3,6,0,8,16,24,32,40|0,0,0,0,0,1,0
2,1,34,c,3,6,0,8,16,24,32,40|0,0,0,0,0,1,0
2,1,35,c,3,6,0,8,16,24,32,40|0,0,0,0,0,1,0
2,1,36,c,3,6,0,8,16,24,32,40|0,0,0,0,0,1,0
2,1,37,c,3,6,0,8,16,24,32,40|0,0,0,0,0,1,0
2,1,38,c,3,6,0,8,16,24,32,40|0,0,0,0,0,0,1
2,1,39,c,3,6,0,8,16,24,32,40|0,0,0,0,0,0,1
2,1,40,c,3,6,0,8,16,24,32,40|0,0,0,0,0,0,1
2,1,41,c,3,6,0,8,16,24,32,40|0,0,0,0,0,0,1
2,1,42,c,3,6,0,8,16,24,32,40|0,0,0,0,0,0,1
2,1,43,c,3,6,0,8,16,24,32,40|0,0,0,0,0,0,1
2,1,44,c,3,6,0,8,16,24,32,40|0,0,0,0,0,0,1
2,2,0,c,3,6,0,8,16,24,32,40|2,0,0,0,0,0,0
2,2,1,c,3,6,0,8,16,24,32,40|2,0,0,0,0,0,0
2,2,2,c,3,6,0,8,16,24,32,40|1,1,0,0,0,0,0
2,2,3,c,3,6,0,8,16,24,32,40|1,1,0,0,0,0,0
2,2,4,c,3,6,0,8,16,24,32,40|1,1,0,0,0,0,0
2,2,5,c,3,6,0,8,16,24,32,40|0,1,1,0,0,0,0
2,2,6,c,3,6,0,8,16,24,32,40|0,1,1,0,0,0,0
2,2,7,c,3,6,0,8,16,24,32,40|0,1,1,0,0,0,0
2,2,8,c,3,6,0,8,16,24,32,40|0,1,1,0,0,0,0
2,2,9,c,3,6,0,8,16,24,32,40|0,1,1,0,0,0,0
2,2,10,c,3,6,0,8,16,24,32,40|0,1,1,0,0,0,0
2,2,11,c,3,6,0,8,16,24,32,40|0,0,2,0,0,0,0
2,2,12,c,3,6,0,8,16,24,32,40|0,0,2,0,0,0,0
2,2,13,c,3,6,0,8,16,24,32,40|0,0,2,0,0,0,0
2,2,14,c,3,6,0,8,16,24,32,40|0,0,1,1,0,0,0
2,2,15,c,3,6,0,8,16,24,32,40|0,0,1,1,0,0,0
2,2,16,c,3,6,0,8,16,24,32,40|0,0,1,1,0,0,0
2,2,17,c,3,6,0,8,16,24,32,40|0,0,1,1,0,0,0
2,2,18,c,3,6,0,8,16,24,32,40|0,0,1,1,0,0,0
2,2,19,c,3,6,0,8,16,24,32,40|0,0,0,2,0,0,0
2,2,20,c,3,6,0,8,16,24,32,40|0,0,0,2,0,0,0
2,2,21,c,3,6,0,8,16,24,32,40|0,0,0,2,0,0,0
2,2,22,c,3,6,0,8,16,24,32,40|0,0,0,1,1,0,0
2,2,23,c,3,6,0,8,16,24,32,40|0,0,0,1,1,0,0
2,2,24,c,3,6,0,8,16,24,32,40|0,0,0,1,1,0,0
2,2,25,c,3,6,0,8,16,24,32,40|0,0,0,1,1,0,0
2,2,26,c,3,6,0,8,16,24,32,40|0,0,0,1,1,0,0
2,2,27,c,3,6,0,8,16,24,32,40|0,0,0,0,2,0,0
2,2,28,c,3,6,0,8,16,24,32,40|0,0,0,0,2,0,0
2,2,29,c,3,6,0,8,16,24,32,40|0,0,0,0,2,0,0
2,2,30,c,3,6,0,8,16,24,32,40|0,0,0,0,1,1,0
2,2,31,c,3,6,0,8,16,24,32,40|0,0,0,0,1,1,0
2,2,32,c,3,6,0,8,16,24,32,40|0,0,0,0,1,1,0
2,2,33,c,3,6,0,8,16,24,32,40|0,0,0,0,1,1,0
2,2,34,c,3,6,0,8,16,24,32,40|0,0,0,0,1,1,0
2,2,35,c,3,6,0,8,16,24,32,40|0,0,0,0,1,1,0
2,2,36,c,3,6,0,8,16,24,32,40|0,0,0,0,0,1,1
2,2,37,c,3,6,0,8,16,24,32,40|0,0,0,0,0,1,1
2,2,38,c,3,6,0,8,16,24,32,40|0,0,0,0,0,1,1
2,2,39,c,3,6,0,8,16,24,32,40|0,0,0,0,0,0,2
2,2,40,c,3,6,0,8,16,24,32,40|0,0,0,0,0,0,2
2,2,41,c,3,6,0,8,16,24,32,40|0,0,0,0,0,0,2
2,2,42,c,3,6,0,8,16,24,32,40|0,0,0,0,0,0,2
2,2,43,c,3,6,0,8,16,24,32,40|0,0,0,0,0,0,2
2,2,44,c,3,6,0,8,16,24,32,40|0,0,0,0,0,0,2
2,3,0,c,3,6,0,8,16,24,32,40|3,0,0,0,0,0,0
2,3,1,c,3,6,0,8,16,24,32,40|2,1,0,0,0,0,0
2,3,2,c,3,6,0,8,16,24,32,40|2,1,0,0,0,0,0
2,3,3,c,3,6,0,8,16,24,32,40|1,2,0,0,0,0,0
2,3,4,c,3,6,0,8,16,24,32,40|1,2,0,0,0,0,0
2,3,5,c,3,6,0,8,16,24,32,40|0,2,1,0,0,0,0
2,3,6,c,3,6,0,8,16,24,32,40|0,2,1,0,0,0,0
2,3,7,c,3,6,0,8,16,24,32,40|0,2,1,0,0,0,0
2,3,8,c,3,6,0,8,16,24,32,40|0,2,1,0,0,0,0
2,3,9,c,3,6,0,8,16,24,32,40|0,1,2,0,0,0,0
2,3,10,c,3,6,0,8,16,24,32,40|0,1,2,0,0,0,0
2,3,11,c,3,6,0,8,16,24,32,40|0,1,2,0,0,0,0
2,3,12,c,3,6,0,8,16,24,32,40|0,1,2,0,0,0,0
2,3,13,c,3,6,0,8,16,24,32,40|0,0,2,1,0,0,0
2,3,14,c,3,6,0,8,16,24,32,40|0,0,2,1,0,0,0
2,3,15,c,3,6,0,8,16,24,32,40|0,0,2,1,0,0,0
2,3,16,c,3,6,0,8,16,24,32,40|0,0,2,1,0,0,0
2,3,17,c,3,6,0,8,16,24,32,40|0,0,1,2,0,0,0
2,3,18,c,3,6,0,8,16,24,32,40|0,0,1,2,0,0,0
2,3,19,c,3,6,0,8,16,24,32,40|0,0,1,2,0,0,0
2,3,20,c,3,6,0,8,16,24,32,40|0,0,1,2,0,0,0
2,3,21,c,3,6,0,8,16,24,32,40|0,0,0,2,1,0,0
2,3,22,c,3,6,0,8,16,24,32,40|0,0,0,2,1,0,0
2,3,23,c,3,6,0,8,16,24,32,40|0,0,0,2,1,0,0
2,3,24,c,3,6,0,8,16,24,32,40|0,0,0,2,1,0,0
2,3,25,c,3,6,0,8,16,24,32,40|0,0,0,1,2,0,0
2,3,26,c,3,6,0,8,16,24,32,40|0,0,0,1,2,0,0
2,3,27,c,3,6,0,8,16,24,32,40|0,0,0,1,2,0,0
2,3,28,c,3,6,0,8,16,24,32,40|0,0,0,1,2,0,0
2,3,29,c,3,6,0,8,16,24,32,40|0,0,0,0,2,1,0
2,3,30,c,3,6,0,8,16,24,32,40|0,0,0,0,2,1,0
2,3,31,c,3,6,0,8,16,24,32,40|0,0,0,0,2,1,0
2,3,32,c,3,6,0,8,16,24,32,40|0,0,0,0,2,1,0
2,3,33,c,3,6,0,8,16,24,32,40|0,0,0,0,1,2,0
2,3,34,c,3,6,0,8,16,24,32,40|0,0,0,0,1,2,0
2,3,35,c,3,6,0,8,16,24,32,40|0,0,0,0,1,2,0
2,3,36,c,3,6,0,8,16,24,32,40|0,0,0,0,0,2,1
2,3,37,c,3,6,0,8,16,24,32,40|0,0,0,0,0,2,1
2,3,38,c,3,6,0,8,16,24,32,40|0,0,0,0,0,1,2
2,3,39,c,3,6,0,8,16,24,32,40|0,0,0,0,0,1,2
2,3,40,c,3,6,0,8,16,24,32,40|0,0,0,0,0,0,3
2,3,41,c,3,6,0,8,16,24,32,40|0,0,0,0,0,0,3
2,3,42,c,3,6,0,8,16,24,32,40|0,0,0,0,0,0,3
2,3,43,c,3,6,0,8,16,24,32,40|0,0,0,0,0,0,3
2,3,44,c,3,6,0,8,16,24,32,40|0,0,0,0,0,0,3
2,7,0,c,3,6,0,8,16,24,32,40|7,0,0,0,0,0,0
2,7,1,c,3,6,0,8,16,24,32,40|5,2,0,0,0,0,0
2,7,2,c,3,6,0,8,16,24,32,40|4,3,0,0,0,0,0
2,7,3,c,3,6,0,8,16,24,32,40|3,4,0,0,0,0,0
2,7,4,c,3,6,0,8,16,24,32,40|2,4,1,0,0,0,0
2,7,5,c,3,6,0,8,16,24,32,40|1,5,1,0,0,0,0
2,7,6,c,3,6,0,8,16,24,32,40|0,5,2,0,0,0,0
2,7,7,c,3,6,0,8,16,24,32,40|0,4,3,0,0,0,0
2,7,8,c,3,6,0,8,16,24,32,40|0,4,3,0,0,0,0
2,7,9,c,3,6,0,8,16,24,32,40|0,3,4,0,0,0,0
2,7,10,c,3,6,0,8,16,24,32,40|0,2,5,0,0,0,0
2,7,11,c,3,6,0,8,16,24,32,40|0,1,5,1,0,0,0
2,7,12,c,3,6,0,8,16,24,32,40|0,1,5,1,0,0,0
2,7,13,c,3,6,0,8,16,24,32,40|0,1,5,1,0,0,0
2,7,14,c,3,6,0,8,16,24,32,40|0,0,5,2,0,0,0
2,7,15,c,3,6,0,8,16,24,32,40|0,0,4,3,0,0,0
2,7,16,c,3,6,0,8,16,24,32,40|0,0,4,3,0,0,0
2,7,17,c,3,6,0,8,16,24,32,40|0,0,3,4,0,0,0
2,7,18,c,3,6,0,8,16,24,32,40|0,0,2,5,0,0,0
2,7,19,c,3,6,0,8,16,24,32,40|0,0,1,5,1,0,0
2,7,20,c,3,6,0,8,16,24,32,40|0,0,1,5,1,0,0
2,7,21,c,3,6,0,8,16,24,32,40|0,0,1,5,1,0,0
2,7,22,c,3,6,0,8,16,24,32,40|0,0,0,5,2,0,0
2,7,23,c,3,6,0,8,16,24,32,40|0,0,0,4,3,0,0
2,7,24,c,3,6,0,8,16,24,32,40|0,0,0,4,3,0,0
2,7,25,c,3,6,0,8,16,24,32,40|0,0,0,3,4,0,0
2,7,26,c,3,6,0,8,16,24,32,40|0,0,0,2,5,0,0
2,7,27,c,3,6,0,8,16,24,32,40|0,0,0,1,5,1,0
2,7,28,c,3,6,0,8,16,24,32,40|0,0,0,1,5,1,0
2,7,29,c,3,6,0,8,16,24,32,40|0,0,0,1,5,1,0
2,7,30,c,3,6,0,8,16,24,32,40|0,0,0,0,5,2,0
2,7,31,c,3,6,0,8,16,24,32,40|0,0,0,0,4,3,0
2,7,32,c,3,6,0,8,16,24,32,40|0,0,0,0,4,3,0
2,7,33,c,3,6,0,8,16,24,32,40|0,0,0,0,3,4,0
2,7,34,c,3,6,0,8,16,24,32,40|0,0,0,0,2,5,0
2,7,35,c,3,6,0,8,16,24,32,40|0,0,0,0,1,5,1
2,7,36,c,3,6,0,8,16,24,32,40|0,0,0,0,1,4,2
2,7,37,c,3,6,0,8,16,24,32,40|0,0,0,0,0,4,3
2,7,38,c,3,6,0,8,16,24,32,40|0,0,0,0,0,3,4
2,7,39,c,3,6,0,8,16,24,32,40|0,0,0,0,0,2,5
2,7,40,c,3,6,0,8,16,24,32,40|0,0,0,0,0,0,7
2,7,41,c,3,6,0,8,16,24,32,40|0,0,0,0,0,0,7
2,7,42,c,3,6,0,8,16,24,32,40|0,0,0,0,0,0,7
2,7,43,c,3,6,0,8,16,24,32,40|0,0,0,0,0,0,7
2,7,44,c,3,6,0,8,16,24,32,40|0,0,0,0,0,0,7
2,8,0,c,3,6,0,8,16,24,32,40|8,0,0,0,0,0,0
2,8,1,c,3,6,0,8,16,24,32,40|6,2,0,0,0,0,0
2,8,2,c,3,6,0,8,16,24,32,40|5,3,0,0,0,0,0
2,8,3,c,3,6,0,8,16,24,32,40|3,4,1,0,0,0,0
2,8,4,c,3,6,0,8,16,24,32,40|2,5,1,0,0,0,0
2,8,5,c,3,6,0,8,16,24,32,40|1,5,2,0,0,0,0
2,8,6,c,3,6,0,8,16,24,32,40|1,5,2,0,0,0,0
2,8,7,c,3,6,0,8,16,24,32,40|0,5,3,0,0,0,0
2,8,8,c,3,6,0,8,16,24,32,40|0,4,4,0,0,0,0
2,8,9,c,3,6,0,8,16,24,32,40|0,3,5,0,0,0,0
2,8,10,c,3,6,0,8,16,24,32,40|0,2,6,0,0,0,0
2,8,11,c,3,6,0,8,16,24,32,40|0,2,6,0,0,0,0
2,8,12,c,3,6,0,8,16,24,32,40|0,1,6,1,0,0,0
2,8,13,c,3,6,0,8,16,24,32,40|0,1,6,1,0,0,0
2,8,14,c,3,6,0,8,16,24,32,40|0,0,6,2,0,0,0
2,8,15,c,3,6,0,8,16,24,32,40|0,0,5,3,0,0,0
2,8,16,c,3,6,0,8,16,24,32,40|0,0,4,4,0,0,0
2,8,17,c,3,6,0,8,16,24,32,40|0,0,3,5,0,0,0
2,8,18,c,3,6,0,8,16,24,32,40|0,0,2,6,0,0,0
2,8,19,c,3,6,0,8,16,24,32,40|0,0,2,6,0,0,0
2,8,20,c,3,6,0,8,16,24,32,40|0,0,1,6,1,0,0
2,8,21,c,3,6,0,8,16,24,32,40|0,0,1,6,1,0,0
2,8,22,c,3,6,0,8,16,24,32,40|0,0,0,6,2,0,0
2,8,23,c,3,6,0,8,16,24,32,40|0,0,0,5,3,0,0
2,8,24,c,3,6,0,8,16,24,32,40|0,0,0,4,4,0,0
2,8,25,c,3,6,0,8,16,24,32,40|0,0,0,3,5,0,0
2,8,26,c,3,6,0,8,16,24,32,40|0,0,0,2,6,0,0
2,8,27,c,3,6,0,8,16,24,32,40|0,0,0,2,6,0,0
2,8,28,c,3,6,0,8,16,24,32,40|0,0,0,1,6,1,0
2,8,29,c,3,6,0,8,16,24,32,40|0,0,0,1,6,1,0
2,8,30,c,3,6,0,8,16,24,32,40|0,0,0,0,6,2,0
2,8,31,c,3,6,0,8,16,24,32,40|0,0,0,0,5,3,0
2,8,32,c,3,6,0,8,16,24,32,40|0,0,0,0,4,4,0
2,8,33,c,3,6,0,8,16,24,32,40|0,0,0,0,3,5,0
2,8,34,c,3,6,0,8,16,24,32,40|0,0,0,0,2,5,1
2,8,35,c,3,6,0,8,16,24,32,40|0,0,0,0,2,5,1
2,8,36,c,3,6,0,8,16,24,32,40|0,0,0,0,1,5,2
2,8,37,c,3,6,0,8,16,24,32,40|0,0,0,0,1,4,3
2,8,38,c,3,6,0,8,16,24,32,40|0,0,0,0,0,3,5
2,8,39,c,3,6,0,8,16,24,32,40|0,0,0,0,0,2,6
2,8,40,c,3,6,0,8,16,24,32,40|0,0,0,0,0,0,8
2,8,41,c,3,6,0,8,16,24,32,40|0,0,0,0,0,0,8
2,8,42,c,3,6,0,8,16,24,32,40|0,0,0,0,0,0,8
2,8,43,c,3,6,0,8,16,24,32,40|0,0,0,0,0,0,8
2,8,44,c,3,6,0,8,16,24,32,40|0,0,0,0,0,0,8
2,16,0,c,3,6,0,8,16,24,32,40|16,0,0,0,0,0,0
2,16,1,c,3,6,0,8,16,24,32,40|12,4,0,0,0,0,0
2,16,2,c,3,6,0,8,16,24,32,40|9,7,0,0,0,0,0
2,16,3,c,3,6,0,8,16,24,32,40|6,9,1,0,0,0,0
2,16,4,c,3,6,0,8,16,24,32,40|4,10,2,0,0,0,0
2,16,5,c,3,6,0,8,16,24,32,40|2,11,3,0,0,0,0
2,16,6,c,3,6,0,8,16,24,32,40|1,11,4,0,0,0,0
2,16,7,c,3,6,0,8,16,24,32,40|0,10,6,0,0,0,0
2,16,8,c,3,6,0,8,16,24,32,40|0,8,8,0,0,0,0
2,16,9,c,3,6,0,8,16,24,32,40|0,6,10,0,0,0,0
2,16,10,c,3,6,0,8,16,24,32,40|0,5,11,0,0,0,0
2,16,11,c,3,6,0,8,16,24,32,40|0,3,12,1,0,0,0
2,16,12,c,3,6,0,8,16,24,32,40|0,2,12,2,0,0,0
2,16,13,c,3,6,0,8,16,24,32,40|0,1,12,3,0,0,0
2,16,14,c,3,6,0,8,16,24,32,40|0,1,11,4,0,0,0
2,16,15,c,3,6,0,8,16,24,32,40|0,0,10,6,0,0,0
2,16,16,c,3,6,0,8,16,24,32,40|0,0,8,8,0,0,0
2,16,17,c,3,6,0,8,16,24,32,40|0,0,6,10,0,0,0
2,16,18,c,3,6,0,8,16,24,32,40|0,0,5,11,0,0,0
2,16,19,c,3,6,0,8,16,24,32,40|0,0,3,12,1,0,0
2,16,20,c,3,6,0,8,16,24,32,40|0,0,2,12,2,0,0
2,16,21,c,3,6,0,8,16,24,32,40|0,0,1,12,3,0,0
2,16,22,c,3,6,0,8,16,24,32,40|0,0,1,11,4,0,0
2,16,23,c,3,6,0,8,16,24,32,40|0,0,0,10,6,0,0
2,16,24,c,3,6,0,8,16,24,32,40|0,0,0,8,8,0,0
2,16,25,c,3,6,0,8,16,24,32,40|0,0,0,6,10,0,0
2,16,26,c,3,6,0,8,16,24,32,40|0,0,0,5,11,0,0
2,16,27,c,3,6,0,8,16,24,32,40|0,0,0,3,12,1,0
2,16,28,c,3,6,0,8,16,24,32,40|0,0,0,2,12,2,0
2,16,29,c,3,6,0,8,16,24,32,40|0,0,0,1,12,3,0
2,16,30,c,3,6,0,8,16,24,32,40|0,0,0,1,11,4,0
2,16,31,c,3,6,0,8,16,24,32,40|0,0,0,0,10,6,0
2,16,32,c,3,6,0,8,16,24,32,40|0,0,0,0,8,8,0
2,16,33,c,3,6,0,8,16,24,32,40|0,0,0,0,6,10,0
2,16,34,c,3,6,0,8,16,24,32,40|0,0,0,0,5,10,1
2,16,35,c,3,6,0,8,16,24,32,40|0,0,0,0,3,11,2
2,16,36,c,3,6,0,8,16,24,32,40|0,0,0,0,2,10,4
2,16,37,c,3,6,0,8,16,24,32,40|0,0,0,0,1,9,6
2,16,38,c,3,6,0,8,16,24,32,40|0,0,0,0,1,6,9
2,16,39,c,3,6,0,8,16,24,32,40|0,0,0,0,0,4,12
2,16,40,c,3,6,0,8,16,24,32,40|0,0,0,0,0,0,16
2,16,41,c,3,6,0,8,16,24,32,40|0,0,0,0,0,0,16
2,16,42,c,3,6,0,8,16,24,32,40|0,0,0,0,0,0,16
2,16,43,c,3,6,0,8,16,24,32,40|0,0,0,0,0,0,16
2,16,44,c,3,6,0,8,16,24,32,40|0,0,0,0,0,0,16
2,63,0,c,3,6,0,8,16,24,32,40|63,0,0,0,0,0,0
2,63,1,c,3,6,0,8,16,24,32,40|48,14,1,0,0,0,0
2,63,2,c,3,6,0,8,16,24,32,40|35,26,2,0,0,0,0
2,63,3,c,3,6,0,8,16,24,32,40|25,34,4,0,0,0,0
2,63,4,c,3,6,0,8,16,24,32,40|16,39,8,0,0,0,0
2,63,5,c,3,6,0,8,16,24,32,40|9,42,12,0,0,0,0
2,63,6,c,3,6,0,8,16,24,32,40|4,41,18,0,0,0,0
2,63,7,c,3,6,0,8,16,24,32,40|1,38,24,0,0,0,0
2,63,8,c,3,6,0,8,16,24,32,40|0,32,31,0,0,0,0
2,63,9,c,3,6,0,8,16,24,32,40|0,24,38,1,0,0,0
2,63,10,c,3,6,0,8,16,24,32,40|0,18,43,2,0,0,0
2,63,11,c,3,6,0,8,16,24,32,40|0,12,46,5,0,0,0
2,63,12,c,3,6,0,8,16,24,32,40|0,8,47,8,0,0,0
2,63,13,c,3,6,0,8,16,24,32,40|0,5,46,12,0,0,0
2,63,14,c,3,6,0,8,16,24,32,40|0,2,43,18,0,0,0
2,63,15,c,3,6,0,8,16,24,32,40|0,1,38,24,0,0,0
2,63,16,c,3,6,0,8,16,24,32,40|0,0,32,31,0,0,0
2,63,17,c,3,6,0,8,16,24,32,40|0,0,24,38,1,0,0
2,63,18,c,3,6,0,8,16,24,32,40|0,0,18,43,2,0,0
2,63,19,c,3,6,0,8,16,24,32,40|0,0,12,46,5,0,0
2,63,20,c,3,6,0,8,16,24,32,40|0,0,8,47,8,0,0
2,63,21,c,3,6,0,8,16,24,32,40|0,0,5,46,12,0,0
2,63,22,c,3,6,0,8,16,24,32,40|0,0,2,43,18,0,0
2,63,23,c,3,6,0,8,16,24,32,40|0,0,1,38,24,0,0
2,63,24,c,3,6,0,8,16,24,32,40|0,0,0,32,31,0,0
2,63,25,c,3,6,0,8,16,24,32,40|0,0,0,24,38,1,0
2,63,26,c,3,6,0,8,16,24,32,40|0,0,0,18,43,2,0
2,63,27,c,3,6,0,8,16,24,32,40|0,0,0,12,46,5,0
2,63,28,c,3,6,0,8,16,24,32,40|0,0,0,8,47,8,0
2,63,29,c,3,6,0,8,16,24,32,40|0,0,0,5,46,12,0
2,63,30,c,3,6,0,8,16,24,32,40|0,0,0,2,43,18,0
2,63,31,c,3,6,0,8,16,24,32,40|0,0,0,1,38,24,0
2,63,32,c,3,6,0,8,16,24,32,40|0,0,0,0,32,31,0
2,63,33,c,3,6,0,8,16,24,32,40|0,0,0,0,24,38,1
2,63,34,c,3,6,0,8,16,24,32,40|0,0,0,0,18,41,4
2,63,35,c,3,6,0,8,16,24,32,40|0,0,0,0,12,42,9
2,63,36,c,3,6,0,8,16,24,32,40|0,0,0,0,8,39,16
2,63,37,c,3,6,0,8,16,24,32,40|0,0,0,0,4,34,25
2,63,38,c,3,6,0,8,16,24,32,40|0,0,0,0,2,26,35
2,63,39,c,3,6,0,8,16,24,32,40|0,0,0,0,1,14,48
2,63,40,c,3,6,0,8,16,24,32,40|0,0,0,0,0,0,63
2,63,41,c,3,6,0,8,16,24,32,40|0,0,0,0,0,0,63
2,63,42,c,3,6,0,8,16,24,32,40|0,0,0,0,0,0,63
2,63,43,c,3,6,0,8,16,24,32,40|0,0,0,0,0,0,63
2,63,44,c,3,6,0,8,16,24,32,40|0,0,0,0,0,0,63
2,1000,0,c,3,6,0,8,16,24,32,40|1000,0,0,0,0,0,0
2,1000,1,c,3,6,0,8,16,24,32,40|766,226,8,0,0,0,0
2,1000,2,c,3,6,0,8,16,24,32,40|563,406,31,0,0,0,0
2,1000,3,c,3,6,0,8,16,24,32,40|391,539,70,0,0,0,0
2,1000,4,c,3,6,0,8,16,24,32,40|250,625,125,0,0,0,0
2,1000,5,c,3,6,0,8,16,24,32,40|141,664,195,0,0,0,0
2,1000,6,c,3,6,0,8,16,24,32,40|63,656,281,0,0,0,0
2,1000,7,c,3,6,0,8,16,24,32,40|16,601,383,0,0,0,0
2,1000,8,c,3,6,0,8,16,24,32,40|0,500,500,0,0,0,0
2,1000,9,c,3,6,0,8,16,24,32,40|0,383,609,8,0,0,0
2,1000,10,c,3,6,0,8,16,24,32,40|0,281,688,31,0,0,0
2,1000,11,c,3,6,0,8,16,24,32,40|0,195,735,70,0,0,0
2,1000,12,c,3,6,0,8,16,24,32,40|0,125,750,125,0,0,0
2,1000,13,c,3,6,0,8,16,24,32,40|0,70,735,195,0,0,0
2,1000,14,c,3,6,0,8,16,24,32,40|0,31,688,281,0,0,0
2,1000,15,c,3,6,0,8,16,24,32,40|0,8,609,383,0,0,0
2,1000,16,c,3,6,0,8,16,24,32,40|0,0,500,500,0,0,0
2,1000,17,c,3,6,0,8,16,24,32,40|0,0,383,609,8,0,0
2,1000,18,c,3,6,0,8,16,24,32,40|0,0,281,688,31,0,0
2,1000,19,c,3,6,0,8,16,24,32,40|0,0,195,735,70,0,0
2,1000,20,c,3,6,0,8,16,24,32,40|0,0,125,750,125,0,0
2,1000,21,c,3,6,0,8,16,24,32,40|0,0,70,735,195,0,0
2,1000,22,c,3,6,0,8,16,24,32,40|0,0,31,688,281,0,0
2,1000,23,c,3,6,0,8,16,24,32,40|0,0,8,609,383,0,0
2,1000,24,c,3,6,0,8,16,24,32,40|0,0,0,500,500,0,0
2,1000,25,c,3,6,0,8,16,24,32,40|0,0,0,383,609,8,0
2,1000,26,c,3,6,0,8,16,24,32,40|0,0,0,281,688,31,0
2,1000,27,c,3,6,0,8,16,24,32,40|0,0,0,195,735,70,0
2,1000,28,c,3,6,0,8,16,24,32,40|0,0,0,125,750,125,0
2,1000,29,c,3,6,0,8,16,24,32,40|0,0,0,70,735,195,0
2,1000,30,c,3,6,0,8,16,24,32,40|0,0,0,31,688,281,0
2,1000,31,c,3,6,0,8,16,24,32,40|0,0,0,8,609,383,0
2,1000,32,c,3,6,0,8,16,24,32,40|0,0,0,0,500,500,0
2,1000,33,c,3,6,0,8,16,24,32,40|0,0,0,0,383,601,16
2,1000,34,c,3,6,0,8,16,24,32,40|0,0,0,0,281,656,63
2,1000,35,c,3,6,0,8,16,24,32,40|0,0,0,0,195,664,141
2,1000,36,c,3,6,0,8,16,24,32,40|0,0,0,0,125,625,250
2,1000,37,c,3,6,0,8,16,24,32,40|0,0,0,0,70,539,391
2,1000,38,c,3,6,0,8,16,24,32,40|0,0,0,0,31,406,563
2,1000,39,c,3,6,0,8,16,24,32,40|0,0,0,0,8,226,766
2,1000,40,c,3,6,0,8,16,24,32,40|0,0,0,0,0,0,1000
2,1000,41,c,3,6,0,8,16,24,32,40|0,0,0,0,0,0,1000
2,1000,42,c,3,6,0,8,16,24,32,40|0,0,0,0,0,0,1000
2,1000,43,c,3,6,0,8,16,24,32,40|0,0,0,0,0,0,1000
2,1000,44,c,3,6,0,8,16,24,32,40|0,0,0,0,0,0,1000
3,1,0,c,3,6,0,8,16,24,32,40|1,0,0,0,0,0,0,0
3,1,1,c,3,6,0,8,16,24,32,40|1,0,0,0,0,0,0,0
3,1,2,c,3,6,0,8,16,24,32,40|0,1,0,0,0,0,0,0
3,1,3,c,3,6,0,8,16,24,32,40|0,1,0,0,0,0,0,0
3,1,4,c,3,6,0,8,16,24,32,40|0,1,0,0,0,0,0,0
3,1,5,c,3,6,0,8,16,24,32,40|0,1,0,0,0,0,0,0
3,1,6,c,3,6,0,8,16,24,32,40|0,1,0,0,0,0,0,0
3,1,7,c,3,6,0,8,16,24,32,40|0,0,1,0,0,0,0,0
3,1,8,c,3,6,0,8,16,24,32,40|0,0,1,0,0,0,0,0
3,1,9,c,3,6,0,8,16,24,32,40|0,0,1,0,0,0,0,0
3,1,10,c,3,6,0,8,16,24,32,40|0,0,1,0,0,0,0,0
3,1,11,c,3,6,0,8,16,24,32,40|0,0,1,0,0,0,0,0
3,1,12,c,3,6,0,8,16,24,32,40|0,0,0,1,0,0,0,0
3,1,13,c,3,6,0,8,16,24,32,40|0,0,0,1,0,0,0,0
3,1,14,c,3,6,0,8,16,24,32,40|0,0,0,1,0,0,0,0
3,1,15,c,3,6,0,8,16,24,32,40|0,0,0,1,0,0,0,0
3,1,16,c,3,6,0,8,16,24,32,40|0,0,0,1,0,0,0,0
3,1,17,c,3,6,0,8,16,24,32,40|0,0,0,1,0,0,0,0
3,1,18,c,3,6,0,8,16,24,32,40|0,0,0,1,0,0,0,0
3,1,19,c,3,6,0,8,16,24,32,40|0,0,0,1,0,0,0,0
3,1,20,c,3,6,0,8,16,24,32,40|0,0,0,1,0,0,0,0
3,1,21,c,3,6,0,8,16,24,32,40|0,0,0,0,1,0,0,0
3,1,22,c,3,6,0,8,16,24,32,40|0,0,0,0,1,0,0,0
3,1,23,c,3,6,0,8,16,24,32,40|0,0,0,0,1,0,0,0
3,1,24,c,3,6,0,8,16,24,32,40|0,0,0,0,1,0,0,0
3,1,25,c,3,6,0,8,16,24,32,40|0,0,0,0,1,0,0,0
3,1,26,c,3,6,0,8,16,24,32,40|0,0,0,0,1,0,0,0
3,1,27,c,3,6,0,8,16,24,32,40|0,0,0,0,1,0,0,0
3,1,28,c,3,6,0,8,16,24,32,40|0,0,0,0,1,0,0,0
3,1,29,c,3,6,0,8,16,24,32,40|0,0,0,0,0,1,0,0
3,1,30,c,3,6,0,8,16,24,32,40|0,0,0,0,0,1,0,0
3,1,31,c,3,6,0,8,16,24,32,40|0,0,0,0,0,1,0,0
3,1,32,c,3,6,0,8,16,24,32,40|0,0,0,0,0,1,0,0
3,1,33,c,3,6,0,8,16,24,32,40|0,0,0,0,0,1,0,0
3,1,34,c,3,6,0,8,16,24,32,40|0,0,0,0,0,1,0,0
3,1,35,c,3,6,0,8,16,24,32,40|0,0,0,0,0,0,1,0
3,1,36,c,3,6,0,8,16,24,32,40|0,0,0,0,0,0,1,0
3,1,37,c,3,6,0,8,16,24,32,40|0,0,0,0,0,0,1,0
3,1,38,c,3,6,0,8,16,24,32,40|0,0,0,0,0,0,1,0
3,1,39,c,3,6,0,8,16,24,32,40|0,0,0,0,0,0,0,1
3,1,40,c,3,6,0,8,16,24,32,40|0,0,0,0,0,0,0,1
3,1,41,c,3,6,0,8,16,24,32,40|0,0,0,0,0,0,0,1
3,1,42,c,3,6,0,8,16,24,32,40|0,0,0,0,0,0,0,1
3,1,43,c,3,6,0,8,16,24,32,40|0,0,0,0,0,0,0,1
3,1,44,c,3,6,0,8,16,24,32,40|0,0,0,0,0,0,0,1
3,2,0,c,3,6,0,8,16,24,32,40|2,0,0,0,0,0,0,0
3,2,1,c,3,6,0,8,16,24,32,40|1,1,0,0,0,0,0,0
3,2,2,c,3,6,0,8,16,24,32,40|1,1,0,0,0,0,0,0
3,2,3,c,3,6,0,8,16,24,32,40|1,1,0,0,0,0,0,0
3,2,4,c,3,6,0,8,16,24,32,40|0,1,1,0,0,0,0,0
3,2,5,c,3,6,0,8,16,24,32,40|0,1,1,0,0,0,0,0
3,2,6,c,3,6,0,8,16,24,32,40|0,1,1,0,0,0,0,0
3,2,7,c,3,6,0,8,16,24,32,40|0,1,1,0,0,0,0,0
3,2,8,c,3,6,0,8,16,24,32,40|0,1,1,0,0,0,0,0
3,2,9,c,3,6,0,8,16,24,32,40|0,0,1,1,0,0,0,0
3,2,10,c,3,6,0,8,16,24,32,40|0,0,1,1,0,0,0,0
3,2,11,c,3,6,0,8,16,24,32,40|0,0,1,1,0,0,0,0
3,2,12,c,3,6,0,8,16,24,32,40|0,0,1,1,0,0,0,0
3,2,13,c,3,6,0,8,16,24,32,40|0,0,1,1,0,0,0,0
3,2,14,c,3,6,0,8,16,24,32,40|0,0,1,1,0,0,0,0
3,2,15,c,3,6,0,8,16,24,32,40|0,0,1,1,0,0,0,0
3,2,16,c,3,6,0,8,16,24,32,40|0,0,1,1,0,0,0,0
3,2,17,c,3,6,0,8,16,24,32,40|0,0,0,1,1,0,0,0
3,2,18,c,3,6,0,8,16,24,32,40|0,0,0,1,1,0,0,0
3,2,19,c,3,6,0,8,16,24,32,40|0,0,0,1,1,0,0,0
3,2,20,c,3,6,0,8,16,24,32,40|0,0,0,1,1,0,0,0
3,2,21,c,3,6,0,8,16,24,32,40|0,0,0,1,1,0,0,0
3,2,22,c,3,6,0,8,16,24,32,40|0,0,0,1,1,0,0,0
3,2,23,c,3,6,0,8,16,24,32,40|0,0,0,1,1,0,0,0
3,2,24,c,3,6,0,8,16,24,32,40|0,0,0,1,1,0,0,0
3,2,25,c,3,6,0,8,16,24,32,40|0,0,0,0,1,1,0,0
3,2,26,c,3,6,0,8,16,24,32,40|0,0,0,0,1,1,0,0
3,2,27,c,3,6,0,8,16,24,32,40|0,0,0,0,1,1,0,0
3,2,28,c,3,6,0,8,16,24,32,40|0,0,0,0,1,1,0,0
3,2,29,c,3,6,0,8,16,24,32,40|0,0,0,0,1,1,0,0
3,2,30,c,3,6,0,8,16,24,32,40|0,0,0,0,1,1,0,0
3,2,31,c,3,6,0,8,16,24,32,40|0,0,0,0,1,1,0,0
3,2,32,c,3,6,0,8,16,24,32,40|0,0,0,0,0,1,1,0
3,2,33,c,3,6,0,8,16,24,32,40|0,0,0,0,0,1,1,0
3,2,34,c,3,6,0,8,16,24,32,40|0,0,0,0,0,1,1,0
3,2,35,c,3,6,0,8,16,24,32,40|0,0,0,0,0,1,1,0
3,2,36,c,3,6,0,8,16,24,32,40|0,0,0,0,0,1,1,0
3,2,37,c,3,6,0,8,16,24,32,40|0,0,0,0,0,0,1,1
3,2,38,c,3,6,0,8,16,24,32,40|0,0,0,0,0,0,1,1
3,2,39,c,3,6,0,8,16,24,32,40|0,0,0,0,0,0,1,1
3,2,40,c,3,6,0,8,16,24,32,40|0,0,0,0,0,0,0,2
3,2,41,c,3,6,0,8,16,24,32,40|0,0,0,0,0,0,0,2
3,2,42,c,3,6,0,8,16,24,32,40|0,0,0,0,0,0,0,2
3,2,43,c,3,6,0,8,16,24,32,40|0,0,0,0,0,0,0,2
3,2,44,c,3,6,0,8,16,24,32,40|0,0,0,0,0,0,0,2
3,3,0,c,3,6,0,8,16,24,32,40|3,0,0,0,0,0,0,0
3,3,1,c,3,6,0,8,16,24,32,40|2,1,0,0,0,0,0,0
3,3,2,c,3,6,0,8,16,24,32,40|1,2,0,0,0,0,0,0
3,3,3,c,3,6,0,8,16,24,32,40|1,2,0,0,0,0,0,0
3,3,4,c,3,6,0,8,16,24,32,40|0,2,1,0,0,0,0,0
3,3,5,c,3,6,0,8,16,24,32,40|0,2,1,0,0,0,0,0
3,3,6,c,3,6,0,8,16,24,32,40|0,2,1,0,0,0,0,0
3,3,7,c,3,6,0,8,16,24,32,40|0,1,2,0,0,0,0,0
3,3,8,c,3,6,0,8,16,24,32,40|0,1,2,0,0,0,0,0
3,3,9,c,3,6,0,8,16,24,32,40|0,0,2,1,0,0,0,0
3,3,10,c,3,6,0,8,16,24,32,40|0,0,2,1,0,0,0,0
3,3,11,c,3,6,0,8,16,24,32,40|0,0,2,1,0,0,0,0
3,3,12,c,3,6,0,8,16,24,32,40|0,0,1,2,0,0,0,0
3,3,13,c,3,6,0,8,16,24,32,40|0,0,1,2,0,0,0,0
3,3,14,c,3,6,0,8,16,24,32,40|0,0,1,2,0,0,0,0
3,3,15,c,3,6,0,8,16,24,32,40|0,0,1,2,0,0,0,0
3,3,16,c,3,6,0,8,16,24,32,40|0,0,1,2,0,0,0,0
3,3,17,c,3,6,0,8,16,24,32,40|0,0,0,2,1,0,0,0
3,3,18,c,3,6,0,8,16,24,32,40|0,0,0,2,1,0,0,0
3,3,19,c,3,6,0,8,16,24,32,40|0,0,0,2,1,0,0,0
3,3,20,c,3,6,0,8,16,24,32,40|0,0,0,2,1,0,0,0
3,3,21,c,3,6,0,8,16,24,32,40|0,0,0,1,2,0,0,0
3,3,22,c,3,6,0,8,16,24,32,40|0,0,0,1,2,0,0,0
3,3,23,c,3,6,0,8,16,24,32,40|0,0,0,1,2,0,0,0
3,3,24,c,3,6,0,8,16,24,32,40|0,0,0,1,2,0,0,0
3,3,25,c,3,6,0,8,16,24,32,40|0,0,0,0,2,1,0,0
3,3,26,c,3,6,0,8,16,24,32,40|0,0,0,0,2,1,0,0
3,3,27,c,3,6,0,8,16,24,32,40|0,0,0,0,2,1,0,0
3,3,28,c,3,6,0,8,16,24,32,40|0,0,0,0,2,1,0,0
3,3,29,c,3,6,0,8,16,24,32,40|0,0,0,0,1,2,0,0
3,3,30,c,3,6,0,8,16,24,32,40|0,0,0,0,1,2,0,0
3,3,31,c,3,6,0,8,16,24,32,40|0,0,0,0,1,2,0,0
3,3,32,c,3,6,0,8,16,24,32,40|0,0,0,0,0,2,1,0
3,3,33,c,3,6,0,8,16,24,32,40|0,0,0,0,0,2,1,0
3,3,34,c,3,6,0,8,16,24,32,40|0,0,0,0,0,2,1,0
3,3,35,c,3,6,0,8,16,24,32,40|0,0,0,0,0,1,2,0
3,3,36,c,3,6,0,8,16,24,32,40|0,0,0,0,0,1,2,0
3,3,37,c,3,6,0,8,16,24,32,40|0,0,0,0,0,0,2,1
3,3,38,c,3,6,0,8,16,24,32,40|0,0,0,0,0,0,2,1
3,3,39,c,3,6,0,8,16,24,32,40|0,0,0,0,0,0,1,2
3,3,40,c,3,6,0,8,16,24,32,40|0,0,0,0,0,0,0,3
3,3,41,c,3,6,0,8,16,24,32,40|0,0,0,0,0,0,0,3
3,3,42,c,3,6,0,8,16,24,32,40|0,0,0,0,0,0,0,3
3,3,43,c,3,6,0,8,16,24,32,40|0,0,0,0,0,0,0,3
3,3,44,c,3,6,0,8,16,24,32,40|0,0,0,0,0,0,0,3
3,7,0,c,3,6,0,8,16,24,32,40|7,0,0,0,0,0,0,0
3,7,1,c,3,6,0,8,16,24,32,40|5,2,0,0,0,0,0,0
3,7,2,c,3,6,0,8,16,24,32,40|3,3,1,0,0,0,0,0
3,7,3,c,3,6,0,8,16,24,32,40|2,4,1,0,0,0,0,0
3,7,4,c,3,6,0,8,16,24,32,40|1,4,2,0,0,0,0,0
3,7,5,c,3,6,0,8,16,24,32,40|0,4,3,0,0,0,0,0
3,7,6,c,3,6,0,8,16,24,32,40|0,3,3,1,0,0,0,0
3,7,7,c,3,6,0,8,16,24,32,40|0,2,4,1,0,0,0,0
3,7,8,c,3,6,0,8,16,24,32,40|0,2,4,1,0,0,0,0
3,7,9,c,3,6,0,8,16,24,32,40|0,1,4,2,0,0,0,0
3,7,10,c,3,6,0,8,16,24,32,40|0,1,4,2,0,0,0,0
3,7,11,c,3,6,0,8,16,24,32,40|0,0,4,3,0,0,0,0
3,7,12,c,3,6,0,8,16,24,32,40|0,0,3,4,0,0,0,0
3,7,13,c,3,6,0,8,16,24,32,40|0,0,3,4,0,0,0,0
3,7,14,c,3,6,0,8,16,24,32,40|0,0,2,4,1,0,0,0
3,7,15,c,3,6,0,8,16,24,32,40|0,0,2,4,1,0,0,0
3,7,16,c,3,6,0,8,16,24,32,40|0,0,1,5,1,0,0,0
3,7,17,c,3,6,0,8,16,24,32,40|0,0,1,4,2,0,0,0
3,7,18,c,3,6,0,8,16,24,32,40|0,0,1,4,2,0,0,0
3,7,19,c,3,6,0,8,16,24,32,40|0,0,0,4,3,0,0,0
3,7,20,c,3,6,0,8,16,24,32,40|0,0,0,4,3,0,0,0
3,7,21,c,3,6,0,8,16,24,32,40|0,0,0,3,4,0,0,0
3,7,22,c,3,6,0,8,16,24,32,40|0,0,0,2,4,1,0,0
3,7,23,c,3,6,0,8,16,24,32,40|0,0,0,2,4,1,0,0
3,7,24,c,3,6,0,8,16,24,32,40|0,0,0,1,5,1,0,0
3,7,25,c,3,6,0,8,16,24,32,40|0,0,0,1,4,2,0,0
3,7,26,c,3,6,0,8,16,24,32,40|0,0,0,1,4,2,0,0
3,7,27,c,3,6,0,8,16,24,32,40|0,0,0,0,4,3,0,0
3,7,28,c,3,6,0,8,16,24,32,40|0,0,0,0,4,3,0,0
3,7,29,c,3,6,0,8,16,24,32,40|0,0,0,0,3,4,0,0
3,7,30,c,3,6,0,8,16,24,32,40|0,0,0,0,2,4,1,0
3,7,31,c,3,6,0,8,16,24,32,40|0,0,0,0,2,4,1,0
3,7,32,c,3,6,0,8,16,24,32,40|0,0,0,0,1,4,2,0
3,7,33,c,3,6,0,8,16,24,32,40|0,0,0,0,1,4,2,0
3,7,34,c,3,6,0,8,16,24,32,40|0,0,0,0,1,3,3,0
3,7,35,c,3,6,0,8,16,24,32,40|0,0,0,0,0,3,4,0
3,7,36,c,3,6,0,8,16,24,32,40|0,0,0,0,0,2,4,1
3,7,37,c,3,6,0,8,16,24,32,40|0,0,0,0,0,1,4,2
3,7,38,c,3,6,0,8,16,24,32,40|0,0,0,0,0,1,3,3
3,7,39,c,3,6,0,8,16,24,32,40|0,0,0,0,0,0,2,5
3,7,40,c,3,6,0,8,16,24,32,40|0,0,0,0,0,0,0,7
3,7,41,c,3,6,0,8,16,24,32,40|0,0,0,0,0,0,0,7
3,7,42,c,3,6,0,8,16,24,32,40|0,0,0,0,0,0,0,7
3,7,43,c,3,6,0,8,16,24,32,40|0,0,0,0,0,0,0,7
3,7,44,c,3,6,0,8,16,24,32,40|0,0,0,0,0,0,0,7
3,8,0,c,3,6,0,8,16,24,32,40|8,0,0,0,0,0,0,0
3,8,1,c,3,6,0,8,16,24,32,40|5,3,0,0,0,0,0,0
3,8,2,c,3,6,0,8,16,24,32,40|3,4,1,0,0,0,0,0
3,8,3,c,3,6,0,8,16,24,32,40|2,5,1,0,0,0,0,0
3,8,4,c,3,6,0,8,16,24,32,40|1,5,2,0,0,0,0,0
3,8,5,c,3,6,0,8,16,24,32,40|1,4,3,0,0,0,0,0
3,8,6,c,3,6,0,8,16,24,32,40|0,4,4,0,0,0,0,0
3,8,7,c,3,6,0,8,16,24,32,40|0,3,4,1,0,0,0,0
3,8,8,c,3,6,0,8,16,24,32,40|0,2,5,1,0,0,0,0
3,8,9,c,3,6,0,8,16,24,32,40|0,1,5,2,0,0,0,0
3,8,10,c,3,6,0,8,16,24,32,40|0,1,5,2,0,0,0,0
3,8,11,c,3,6,0,8,16,24,32,40|0,1,4,3,0,0,0,0
3,8,12,c,3,6,0,8,16,24,32,40|0,0,4,4,0,0,0,0
3,8,13,c,3,6,0,8,16,24,32,40|0,0,3,5,0,0,0,0
3,8,14,c,3,6,0,8,16,24,32,40|0,0,2,5,1,0,0,0
3,8,15,c,3,6,0,8,16,24,32,40|0,0,2,5,1,0,0,0
3,8,16,c,3,6,0,8,16,24,32,40|0,0,2,5,1,0,0,0
3,8,17,c,3,6,0,8,16,24,32,40|0,0,1,5,2,0,0,0
3,8,18,c,3,6,0,8,16,24,32,40|0,0,1,5,2,0,0,0
3,8,19,c,3,6,0,8,16,24,32,40|0,0,0,5,3,0,0,0
3,8,20,c,3,6,0,8,16,24,32,40|0,0,0,4,4,0,0,0
3,8,21,c,3,6,0,8,16,24,32,40|0,0,0,3,5,0,0,0
3,8,22,c,3,6,0,8,16,24,32,40|0,0,0,2,5,1,0,0
3,8,23,c,3,6,0,8,16,24,32,40|0,0,0,2,5,1,0,0
3,8,24,c,3,6,0,8,16,24,32,40|0,0,0,2,5,1,0,0
3,8,25,c,3,6,0,8,16,24,32,40|0,0,0,1,5,2,0,0
3,8,26,c,3,6,0,8,16,24,32,40|0,0,0,1,5,2,0,0
3,8,27,c,3,6,0,8,16,24,32,40|0,0,0,0,5,3,0,0
3,8,28,c,3,6,0,8,16,24,32,40|0,0,0,0,4,4,0,0
3,8,29,c,3,6,0,8,16,24,32,40|0,0,0,0,3,4,1,0
3,8,30,c,3,6,0,8,16,24,32,40|0,0,0,0,2,5,1,0
3,8,31,c,3,6,0,8,16,24,32,40|0,0,0,0,2,5,1,0
3,8,32,c,3,6,0,8,16,24,32,40|0,0,0,0,1,5,2,0
3,8,33,c,3,6,0,8,16,24,32,40|0,0,0,0,1,4,3,0
3,8,34,c,3,6,0,8,16,24,32,40|0,0,0,0,0,4,4,0
3,8,35,c,3,6,0,8,16,24,32,40|0,0,0,0,0,3,4,1
3,8,36,c,3,6,0,8,16,24,32,40|0,0,0,0,0,2,5,1
3,8,37,c,3,6,0,8,16,24,32,40|0,0,0,0,0,1,5,2
3,8,38,c,3,6,0,8,16,24,32,40|0,0,0,0,0,1,4,3
3,8,39,c,3,6,0,8,16,24,32,40|0,0,0,0,0,0,3,5
3,8,40,c,3,6,0,8,16,24,32,40|0,0,0,0,0,0,0,8
3,8,41,c,3,6,0,8,16,24,32,40|0,0,0,0,0,0,0,8
3,8,42,c,3,6,0,8,16,24,32,40|0,0,0,0,0,0,0,8
3,8,43,c,3,6,0,8,16,24,32,40|0,0,0,0,0,0,0,8
3,8,44,c,3,6,0,8,16,24,32,40|0,0,0,0,0,0,0,8
3,16,0,c,3,6,0,8,16,24,32,40|16,0,0,0,0,0,0,0
3,16,1,c,3,6,0,8,16,24,32,40|11,5,0,0,0,0,0,0
3,16,2,c,3,6,0,8,16,24,32,40|7,8,1,0,0,0,0,0
3,16,3,c,3,6,0,8,16,24,32,40|4,9,3,0,0,0,0,0
3,16,4,c,3,6,0,8,16,24,32,40|2,10,4,0,0,0,0,0
3,16,5,c,3,6,0,8,16,24,32,40|1,9,6,0,0,0,0,0
3,16,6,c,3,6,0,8,16,24,32,40|0,8,7,1,0,0,0,0
3,16,7,c,3,6,0,8,16,24,32,40|0,6,8,2,0,0,0,0
3,16,8,c,3,6,0,8,16,24,32,40|0,4,9,3,0,0,0,0
3,16,9,c,3,6,0,8,16,24,32,40|0,3,9,4,0,0,0,0
3,16,10,c,3,6,0,8,16,24,32,40|0,2,9,5,0,0,0,0
3,16,11,c,3,6,0,8,16,24,32,40|0,1,9,6,0,0,0,0
3,16,12,c,3,6,0,8,16,24,32,40|0,1,7,8,0,0,0,0
3,16,13,c,3,6,0,8,16,24,32,40|0,0,6,9,1,0,0,0
3,16,14,c,3,6,0,8,16,24,32,40|0,0,5,10,1,0,0,0
3,16,15,c,3,6,0,8,16,24,32,40|0,0,4,10,2,0,0,0
3,16,16,c,3,6,0,8,16,24,32,40|0,0,3,11,2,0,0,0
3,16,17,c,3,6,0,8,16,24,32,40|0,0,2,10,4,0,0,0
3,16,18,c,3,6,0,8,16,24,32,40|0,0,1,10,5,0,0,0
3,16,19,c,3,6,0,8,16,24,32,40|0,0,1,9,6,0,0,0
3,16,20,c,3,6,0,8,16,24,32,40|0,0,0,8,8,0,0,0
3,16,21,c,3,6,0,8,16,24,32,40|0,0,0,6,9,1,0,0
3,16,22,c,3,6,0,8,16,24,32,40|0,0,0,5,10,1,0,0
3,16,23,c,3,6,0,8,16,24,32,40|0,0,0,4,10,2,0,0
3,16,24,c,3,6,0,8,16,24,32,40|0,0,0,3,11,2,0,0
3,16,25,c,3,6,0,8,16,24,32,40|0,0,0,2,10,4,0,0
3,16,26,c,3,6,0,8,16,24,32,40|0,0,0,1,10,5,0,0
3,16,27,c,3,6,0,8,16,24,32,40|0,0,0,1,9,6,0,0
3,16,28,c,3,6,0,8,16,24,32,40|0,0,0,0,8,8,0,0
3,16,29,c,3,6,0,8,16,24,32,40|0,0,0,0,6,9,1,0
3,16,30,c,3,6,0,8,16,24,32,40|0,0,0,0,5,9,2,0
3,16,31,c,3,6,0,8,16,24,32,40|0,0,0,0,4,9,3,0
3,16,32,c,3,6,0,8,16,24,32,40|0,0,0,0,3,9,4,0
3,16,33,c,3,6,0,8,16,24,32,40|0,0,0,0,2,8,6,0
3,16,34,c,3,6,0,8,16,24,32,40|0,0,0,0,1,8,7,0
3,16,35,c,3,6,0,8,16,24,32,40|0,0,0,0,0,6,9,1
3,16,36,c,3,6,0,8,16,24,32,40|0,0,0,0,0,4,10,2
3,16,37,c,3,6,0,8,16,24,32,40|0,0,0,0,0,3,9,4
3,16,38,c,3,6,0,8,16,24,32,40|0,0,0,0,0,1,8,7
3,16,39,c,3,6,0,8,16,24,32,40|0,0,0,0,0,0,5,11
3,16,40,c,3,6,0,8,16,24,32,40|0,0,0,0,0,0,0,16
3,16,41,c,3,6,0,8,16,24,32,40|0,0,0,0,0,0,0,16
3,16,42,c,3,6,0,8,16,24,32,40|0,0,0,0,0,0,0,16
3,16,43,c,3,6,0,8,16,24,32,40|0,0,0,0,0,0,0,16
3,16,44,c,3,6,0,8,16,24,32,40|0,0,0,0,0,0,0,16
3,63,0,c,3,6,0,8,16,24,32,40|63,0,0,0,0,0,0,0
3,63,1,c,3,6,0,8,16,24,32,40|42,20,1,0,0,0,0,0
3,63,2,c,3,6,0,8,16,24,32,40|27,31,5,0,0,0,0,0
3,63,3,c,3,6,0,8,16,24,32,40|15,37,10,1,0,0,0,0
3,63,4,c,3,6,0,8,16,24,32,40|8,38,16,1,0,0,0,0
3,63,5,c,3,6,0,8,16,24,32,40|3,34,23,3,0,0,0,0
3,63,6,c,3,6,0,8,16,24,32,40|1,29,29,4,0,0,0,0
3,63,7,c,3,6,0,8,16,24,32,40|0,22,34,7,0,0,0,0
3,63,8,c,3,6,0,8,16,24,32,40|0,16,37,10,0,0,0,0
3,63,9,c,3,6,0,8,16,24,32,40|0,10,38,15,0,0,0,0
3,63,10,c,3,6,0,8,16,24,32,40|0,7,36,20,0,0,0,0
3,63,11,c,3,6,0,8,16,24,32,40|0,4,33,25,1,0,0,0
3,63,12,c,3,6,0,8,16,24,32,40|0,2,30,30,1,0,0,0
3,63,13,c,3,6,0,8,16,24,32,40|0,1,25,35,2,0,0,0
3,63,14,c,3,6,0,8,16,24,32,40|0,0,20,39,4,0,0,0
3,63,15,c,3,6,0,8,16,24,32,40|0,0,15,41,7,0,0,0
3,63,16,c,3,6,0,8,16,24,32,40|0,0,11,42,10,0,0,0
3,63,17,c,3,6,0,8,16,24,32,40|0,0,7,41,15,0,0,0
3,63,18,c,3,6,0,8,16,24,32,40|0,0,4,39,20,0,0,0
3,63,19,c,3,6,0,8,16,24,32,40|0,0,3,35,25,0,0,0
3,63,20,c,3,6,0,8,16,24,32,40|0,0,2,30,30,1,0,0
3,63,21,c,3,6,0,8,16,24,32,40|0,0,0,25,35,3,0,0
3,63,22,c,3,6,0,8,16,24,32,40|0,0,0,20,39,4,0,0
3,63,23,c,3,6,0,8,16,24,32,40|0,0,0,15,41,7,0,0
3,63,24,c,3,6,0,8,16,24,32,40|0,0,0,11,42,10,0,0
3,63,25,c,3,6,0,8,16,24,32,40|0,0,0,7,41,15,0,0
3,63,26,c,3,6,0,8,16,24,32,40|0,0,0,4,39,20,0,0
3,63,27,c,3,6,0,8,16,24,32,40|0,0,0,2,35,25,1,0
3,63,28,c,3,6,0,8,16,24,32,40|0,0,0,1,30,30,2,0
3,63,29,c,3,6,0,8,16,24,32,40|0,0,0,1,25,33,4,0
3,63,30,c,3,6,0,8,16,24,32,40|0,0,0,0,20,36,7,0
3,63,31,c,3,6,0,8,16,24,32,40|0,0,0,0,15,38,10,0
3,63,32,c,3,6,0,8,16,24,32,40|0,0,0,0,10,37,16,0
3,63,33,c,3,6,0,8,16,24,32,40|0,0,0,0,7,34,22,0
3,63,34,c,3,6,0,8,16,24,32,40|0,0,0,0,4,29,29,1
3,63,35,c,3,6,0,8,16,24,32,40|0,0,0,0,3,23,34,3
3,63,36,c,3,6,0,8,16,24,32,40|0,0,0,0,1,17,37,8
3,63,37,c,3,6,0,8,16,24,32,40|0,0,0,0,1,10,37,15
3,63,38,c,3,6,0,8,16,24,32,40|0,0,0,0,0,5,31,27
3,63,39,c,3,6,0,8,16,24,32,40|0,0,0,0,0,1,20,42
3,63,40,c,3,6,0,8,16,24,32,40|0,0,0,0,0,0,0,63
3,63,41,c,3,6,0,8,16,24,32,40|0,0,0,0,0,0,0,63
3,63,42,c,3,6,0,8,16,24,32,40|0,0,0,0,0,0,0,63
3,63,43,c,3,6,0,8,16,24,32,40|0,0,0,0,0,0,0,63
3,63,44,c,3,6,0,8,16,24,32,40|0,0,0,0,0,0,0,63
3,1000,0,c,3,6,0,8,16,24,32,40|1000,0,0,0,0,0,0,0
3,1000,1,c,3,6,0,8,16,24,32,40|670,308,22,0,0,0,0,0
3,1000,2,c,3,6,0,8,16,24,32,40|422,496,79,3,0,0,0,0
3,1000,3,c,3,6,0,8,16,24,32,40|244,584,163,9,0,0,0,0
3,1000,4,c,3,6,0,8,16,24,32,40|125,594,260,21,0,0,0,0
3,1000,5,c,3,6,0,8,16,24,32,40|53,544,362,41,0,0,0,0
3,1000,6,c,3,6,0,8,16,24,32,40|16,457,457,70,0,0,0,0
3,1000,7,c,3,6,0,8,16,24,32,40|2,352,534,112,0,0,0,0
3,1000,8,c,3,6,0,8,16,24,32,40|0,250,583,167,0,0,0,0
3,1000,9,c,3,6,0,8,16,24,32,40|0,168,596,236,0,0,0,0
3,1000,10,c,3,6,0,8,16,24,32,40|0,105,577,315,3,0,0,0
3,1000,11,c,3,6,0,8,16,24,32,40|0,61,532,398,9,0,0,0
3,1000,12,c,3,6,0,8,16,24,32,40|0,31,469,479,21,0,0,0
3,1000,13,c,3,6,0,8,16,24,32,40|0,13,394,552,41,0,0,0
3,1000,14,c,3,6,0,8,16,24,32,40|0,4,314,612,70,0,0,0
3,1000,15,c,3,6,0,8,16,24,32,40|0,0,236,652,112,0,0,0
3,1000,16,c,3,6,0,8,16,24,32,40|0,0,167,667,166,0,0,0
3,1000,17,c,3,6,0,8,16,24,32,40|0,0,112,652,236,0,0,0
3,1000,18,c,3,6,0,8,16,24,32,40|0,0,70,612,315,3,0,0
3,1000,19,c,3,6,0,8,16,24,32,40|0,0,41,552,398,9,0,0
3,1000,20,c,3,6,0,8,16,24,32,40|0,0,21,479,479,21,0,0
3,1000,21,c,3,6,0,8,16,24,32,40|0,0,9,398,552,41,0,0
3,1000,22,c,3,6,0,8,16,24,32,40|0,0,3,315,612,70,0,0
3,1000,23,c,3,6,0,8,16,24,32,40|0,0,0,236,652,112,0,0
3,1000,24,c,3,6,0,8,16,24,32,40|0,0,0,167,667,166,0,0
3,1000,25,c,3,6,0,8,16,24,32,40|0,0,0,112,652,236,0,0
3,1000,26,c,3,6,0,8,16,24,32,40|0,0,0,70,612,314,4,0
3,1000,27,c,3,6,0,8,16,24,32,40|0,0,0,41,552,394,13,0
3,1000,28,c,3,6,0,8,16,24,32,40|0,0,0,21,479,469,31,0
3,1000,29,c,3,6,0,8,16,24,32,40|0,0,0,9,398,532,61,0
3,1000,30,c,3,6,0,8,16,24,32,40|0,0,0,3,315,577,105,0
3,1000,31,c,3,6,0,8,16,24,32,40|0,0,0,0,236,596,168,0
3,1000,32,c,3,6,0,8,16,24,32,40|0,0,0,0,167,583,250,0
3,1000,33,c,3,6,0,8,16,24,32,40|0,0,0,0,112,534,352,2
3,1000,34,c,3,6,0,8,16,24,32,40|0,0,0,0,70,457,457,16
3,1000,35,c,3,6,0,8,16,24,32,40|0,0,0,0,41,362,544,53
3,1000,36,c,3,6,0,8,16,24,32,40|0,0,0,0,21,260,594,125
3,1000,37,c,3,6,0,8,16,24,32,40|0,0,0,0,9,163,584,244
3,1000,38,c,3,6,0,8,16,24,32,40|0,0,0,0,3,79,496,422
3,1000,39,c,3,6,0,8,16,24,32,40|0,0,0,0,0,22,308,670
3,1000,40,c,3,6,0,8,16,24,32,40|0,0,0,0,0,0,0,1000
3,1000,41,c,3,6,0,8,16,24,32,40|0,0,0,0,0,0,0,1000
3,1000,42,c,3,6,0,8,16,24,32,40|0,0,0,0,0,0,0,1000
3,1000,43,c,3,6,0,8,16,24,32,40|0,0,0,0,0,0,0,1000
3,1000,44,c,3,6,0,8,16,24,32,40|0,0,0,0,0,0,0,1000
1,1,98,c,4,3,100,116,132|1,0,0
1,1,99,c,4,3,100,116,132|1,0,0
1,1,100,c,4,3,100,116,132|1,0,0
1,1,101,c,4,3,100,116,132|1,0,0
1,1,102,c,4,3,100,116,132|1,0,0
1,1,103,c,4,3,100,116,132|1,0,0
1,1,104,c,4,3,100,116,132|1,0,0
1,1,105,c,4,3,100,116,132|1,0,0
1,1,106,c,4,3,100,116,132|1,0,0
1,1,107,c,4,3,100,116,132|1,0,0
1,1,108,c,4,3,100,116,132|1,0,0
1,1,109,c,4,3,100,116,132|0,1,0
1,1,110,c,4,3,100,116,132|0,1,0
1,1,111,c,4,3,100,116,132|0,1,0
1,1,112,c,4,3,100,116,132|0,1,0
1,1,113,c,4,3,100,116,132|0,1,0
1,1,114,c,4,3,100,116,132|0,1,0
1,1,115,c,4,3,100,116,132|0,1,0
1,1,116,c,4,3,100,116,132|0,1,0
1,1,117,c,4,3,100,116,132|0,1,0
1,1,118,c,4,3,100,116,132|0,1,0
1,1,119,c,4,3,100,116,132|0,1,0
1,1,120,c,4,3,100,116,132|0,1,0
1,1,121,c,4,3,100,116,132|0,1,0
1,1,122,c,4,3,100,116,132|0,1,0
1,1,123,c,4,3,100,116,132|0,1,0
1,1,124,c,4,3,100,116,132|0,1,0
1,1,125,c,4,3,100,116,132|0,0,1
1,1,126,c,4,3,100,116,132|0,0,1
1,1,127,c,4,3,100,116,132|0,0,1
1,1,128,c,4,3,100,116,132|0,0,1
1,1,129,c,4,3,100,116,132|0,0,1
1,1,130,c,4,3,100,116,132|0,0,1
1,1,131,c,4,3,100,116,132|0,0,1
1,1,132,c,4,3,100,116,132|0,0,1
1,1,133,c,4,3,100,116,132|0,0,1
1,1,134,c,4,3,100,116,132|0,0,1
1,1,135,c,4,3,100,116,132|0,0,1
1,1,136,c,4,3,100,116,132|0,0,1
1,2,98,c,4,3,100,116,132|2,0,0
1,2,99,c,4,3,100,116,132|2,0,0
1,2,100,c,4,3,100,116,132|2,0,0
1,2,101,c,4,3,100,116,132|2,0,0
1,2,102,c,4,3,100,116,132|2,0,0
1,2,103,c,4,3,100,116,132|2,0,0
1,2,104,c,4,3,100,116,132|2,0,0
1,2,105,c,4,3,100,116,132|1,1,0
1,2,106,c,4,3,100,116,132|1,1,0
1,2,107,c,4,3,100,116,132|1,1,0
1,2,108,c,4,3,100,116,132|1,1,0
1,2,109,c,4,3,100,116,132|1,1,0
1,2,110,c,4,3,100,116,132|1,1,0
1,2,111,c,4,3,100,116,132|1,1,0
1,2,112,c,4,3,100,116,132|1,1,0
1,2,113,c,4,3,100,116,132|0,2,0
1,2,114,c,4,3,100,116,132|0,2,0
1,2,115,c,4,3,100,116,132|0,2,0
1,2,116,c,4,3,100,116,132|0,2,0
1,2,117,c,4,3,100,116,132|0,2,0
1,2,118,c,4,3,100,116,132|0,2,0
1,2,119,c,4,3,100,116,132|0,2,0
1,2,120,c,4,3,100,116,132|0,2,0
1,2,121,c,4,3,100,116,132|0,1,1
1,2,122,c,4,3,100,116,132|0,1,1
1,2,123,c,4,3,100,116,132|0,1,1
1,2,124,c,4,3,100,116,132|0,1,1
1,2,125,c,4,3,100,116,132|0,1,1
1,2,126,c,4,3,100,116,132|0,1,1
1,2,127,c,4,3,100,116,132|0,1,1
1,2,128,c,4,3,100,116,132|0,1,1
1,2,129,c,4,3,100,116,132|0,0,2
1,2,130,c,4,3,100,116,132|0,0,2
1,2,131,c,4,3,100,116,132|0,0,2
1,2,132,c,4,3,100,116,132|0,0,2
1,2,133,c,4,3,100,116,132|0,0,2
1,2,134,c,4,3,100,116,132|0,0,2
1,2,135,c,4,3,100,116,132|0,0,2
1,2,136,c,4,3,100,116,132|0,0,2
1,3,98,c,4,3,100,116,132|3,0,0
1,3,99,c,4,3,100,116,132|3,0,0
1,3,100,c,4,3,100,116,132|3,0,0
1,3,101,c,4,3,100,116,132|3,0,0
1,3,102,c,4,3,100,116,132|3,0,0
1,3,103,c,4,3,100,116,132|2,1,0
1,3,104,c,4,3,100,116,132|2,1,0
1,3,105,c,4,3,100,116,132|2,1,0
1,3,106,c,4,3,100,116,132|2,1,0
1,3,107,c,4,3,100,116,132|2,1,0
1,3,108,c,4,3,100,116,132|2,1,0
1,3,109,c,4,3,100,116,132|1,2,0
1,3,110,c,4,3,100,116,132|1,2,0
1,3,111,c,4,3,100,116,132|1,2,0
1,3,112,c,4,3,100,116,132|1,2,0
1,3,113,c,4,3,100,116,132|1,2,0
1,3,114,c,4,3,100,116,132|0,3,0
1,3,115,c,4,3,100,116,132|0,3,0
1,3,116,c,4,3,100,116,132|0,3,0
1,3,117,c,4,3,100,116,132|0,3,0
1,3,118,c,4,3,100,116,132|0,3,0
1,3,119,c,4,3,100,116,132|0,2,1
1,3,120,c,4,3,100,116,132|0,2,1
1,3,121,c,4,3,100,116,132|0,2,1
1,3,122,c,4,3,100,116,132|0,2,1
1,3,123,c,4,3,100,116,132|0,2,1
1,3,124,c,4,3,100,116,132|0,2,1
1,3,125,c,4,3,100,116,132|0,1,2
1,3,126,c,4,3,100,116,132|0,1,2
1,3,127,c,4,3,100,116,132|0,1,2
1,3,128,c,4,3,100,116,132|0,1,2
1,3,129,c,4,3,100,116,132|0,1,2
1,3,130,c,4,3,100,116,132|0,0,3
1,3,131,c,4,3,100,116,132|0,0,3
1,3,132,c,4,3,100,116,132|0,0,3
1,3,133,c,4,3,100,116,132|0,0,3
1,3,134,c,4,3,100,116,132|0,0,3
1,3,135,c,4,3,100,116,132|0,0,3
1,3,136,c,4,3,100,116,132|0,0,3
1,7,98,c,4,3,100,116,132|7,0,0
1,7,99,c,4,3,100,116,132|7,0,0
1,7,100,c,4,3,100,116,132|7,0,0
1,7,101,c,4,3,100,116,132|7,0,0
1,7,102,c,4,3,100,116,132|6,1,0
1,7,103,c,4,3,100,116,132|6,1,0
1,7,104,c,4,3,100,116,132|5,2,0
1,7,105,c,4,3,100,116,132|5,2,0
1,7,106,c,4,3,100,116,132|4,3,0
1,7,107,c,4,3,100,116,132|4,3,0
1,7,108,c,4,3,100,116,132|4,3,0
1,7,109,c,4,3,100,116,132|3,4,0
1,7,110,c,4,3,100,116,132|3,4,0
1,7,111,c,4,3,100,116,132|2,5,0
1,7,112,c,4,3,100,116,132|2,5,0
1,7,113,c,4,3,100,116,132|1,6,0
1,7,114,c,4,3,100,116,132|1,6,0
1,7,115,c,4,3,100,116,132|0,7,0
1,7,116,c,4,3,100,116,132|0,7,0
1,7,117,c,4,3,100,116,132|0,7,0
1,7,118,c,4,3,100,116,132|0,6,1
1,7,119,c,4,3,100,116,132|0,6,1
1,7,120,c,4,3,100,116,132|0,5,2
1,7,121,c,4,3,100,116,132|0,5,2
1,7,122,c,4,3,100,116,132|0,4,3
1,7,123,c,4,3,100,116,132|0,4,3
1,7,124,c,4,3,100,116,132|0,4,3
1,7,125,c,4,3,100,116,132|0,3,4
1,7,126,c,4,3,100,116,132|0,3,4
1,7,127,c,4,3,100,116,132|0,2,5
1,7,128,c,4,3,100,116,132|0,2,5
1,7,129,c,4,3,100,116,132|0,1,6
1,7,130,c,4,3,100,116,132|0,1,6
1,7,131,c,4,3,100,116,132|0,0,7
1,7,132,c,4,3,100,116,132|0,0,7
1,7,133,c,4,3,100,116,132|0,0,7
1,7,134,c,4,3,100,116,132|0,0,7
1,7,135,c,4,3,100,116,132|0,0,7
1,7,136,c,4,3,100,116,132|0,0,7
1,8,98,c,4,3,100,116,132|8,0,0
1,8,99,c,4,3,100,116,132|8,0,0
1,8,100,c,4,3,100,116,132|8,0,0
1,8,101,c,4,3,100,116,132|8,0,0
1,8,102,c,4,3,100,116,132|7,1,0
1,8,103,c,4,3,100,116,132|7,1,0
1,8,104,c,4,3,100,116,132|6,2,0
1,8,105,c,4,3,100,116,132|6,2,0
1,8,106,c,4,3,100,116,132|5,3,0
1,8,107,c,4,3,100,116,132|5,3,0
1,8,108,c,4,3,100,116,132|4,4,0
1,8,109,c,4,3,100,116,132|4,4,0
1,8,110,c,4,3,100,116,132|3,5,0
1,8,111,c,4,3,100,116,132|3,5,0
1,8,112,c,4,3,100,116,132|2,6,0
1,8,113,c,4,3,100,116,132|2,6,0
1,8,114,c,4,3,100,116,132|1,7,0
1,8,115,c,4,3,100,116,132|1,7,0
1,8,116,c,4,3,100,116,132|0,8,0
1,8,117,c,4,3,100,116,132|0,8,0
1,8,118,c,4,3,100,116,132|0,7,1
1,8,119,c,4,3,100,116,132|0,7,1
1,8,120,c,4,3,100,116,132|0,6,2
1,8,121,c,4,3,100,116,132|0,6,2
1,8,122,c,4,3,100,116,132|0,5,3
1,8,123,c,4,3,100,116,132|0,5,3
1,8,124,c,4,3,100,116,132|0,4,4
1,8,125,c,4,3,100,116,132|0,4,4
1,8,126,c,4,3,100,116,132|0,3,5
1,8,127,c,4,3,100,116,132|0,3,5
1,8,128,c,4,3,100,116,132|0,2,6
1,8,129,c,4,3,100,116,132|0,2,6
1,8,130,c,4,3,100,116,132|0,1,7
1,8,131,c,4,3,100,116,132|0,1,7
1,8,132,c,4,3,100,116,132|0,0,8
1,8,133,c,4,3,100,116,132|0,0,8
1,8,134,c,4,3,100,116,132|0,0,8
1,8,135,c,4,3,100,116,132|0,0,8
1,8,136,c,4,3,100,116,132|0,0,8
1,16,98,c,4,3,100,116,132|16,0,0
1,16,99,c,4,3,100,116,132|16,0,0
1,16,100,c,4,3,100,116,132|16,0,0
1,16,101,c,4,3,100,116,132|15,1,0
1,16,102,c,4,3,100,116,132|14,2,0
1,16,103,c,4,3,100,116,132|13,3,0
1,16,104,c,4,3,100,116,132|12,4,0
1,16,105,c,4,3,100,116,132|11,5,0
1,16,106,c,4,3,100,116,132|10,6,0
1,16,107,c,4,3,100,116,132|9,7,0
1,16,108,c,4,3,100,116,132|8,8,0
1,16,109,c,4,3,100,116,132|7,9,0
1,16,110,c,4,3,100,116,132|6,10,0
1,16,111,c,4,3,100,116,132|5,11,0
1,16,112,c,4,3,100,116,132|4,12,0
1,16,113,c,4,3,100,116,132|3,13,0
1,16,114,c,4,3,100,116,132|2,14,0
1,16,115,c,4,3,100,116,132|1,15,0
1,16,116,c,4,3,100,116,132|0,16,0
1,16,117,c,4,3,100,116,132|0,15,1
1,16,118,c,4,3,100,116,132|0,14,2
1,16,119,c,4,3,100,116,132|0,13,3
1,16,120,c,4,3,100,116,132|0,12,4
1,16,121,c,4,3,100,116,132|0,11,5
1,16,122,c,4,3,100,116,132|0,10,6
1,16,123,c,4,3,100,116,132|0,9,7
1,16,124,c,4,3,100,116,132|0,8,8
1,16,125,c,4,3,100,116,132|0,7,9
1,16,126,c,4,3,100,116,132|0,6,10
1,16,127,c,4,3,100,116,132|0,5,11
1,16,128,c,4,3,100,116,132|0,4,12
1,16,129,c,4,3,100,116,132|0,3,13
1,16,130,c,4,3,100,116,132|0,2,14
1,16,131,c,4,3,100,116,132|0,1,15
1,16,132,c,4,3,100,116,132|0,0,16
1,16,133,c,4,3,100,116,132|0,0,16
1,16,134,c,4,3,100,116,132|0,0,16
1,16,135,c,4,3,100,116,132|0,0,16
1,16,136,c,4,3,100,116,132|0,0,16
1,63,98,c,4,3,100,116,132|63,0,0
1,63,99,c,4,3,100,116,132|63,0,0
1,63,100,c,4,3,100,116,132|63,0,0
1,63,101,c,4,3,100,116,132|59,4,0
1,63,102,c,4,3,100,116,132|55,8,0
1,63,103,c,4,3,100,116,132|51,12,0
1,63,104,c,4,3,100,116,132|47,16,0
1,63,105,c,4,3,100,116,132|43,20,0
1,63,106,c,4,3,100,116,132|39,24,0
1,63,107,c,4,3,100,116,132|35,28,0
1,63,108,c,4,3,100,116,132|32,31,0
1,63,109,c,4,3,100,116,132|28,35,0
1,63,110,c,4,3,100,116,132|24,39,0
1,63,111,c,4,3,100,116,132|20,43,0
1,63,112,c,4,3,100,116,132|16,47,0
1,63,113,c,4,3,100,116,132|12,51,0
1,63,114,c,4,3,100,116,132|8,55,0
1,63,115,c,4,3,100,116,132|4,59,0
1,63,116,c,4,3,100,116,132|0,63,0
1,63,117,c,4,3,100,116,132|0,59,4
1,63,118,c,4,3,100,116,132|0,55,8
1,63,119,c,4,3,100,116,132|0,51,12
1,63,120,c,4,3,100,116,132|0,47,16
1,63,121,c,4,3,100,116,132|0,43,20
1,63,122,c,4,3,100,116,132|0,39,24
1,63,123,c,4,3,100,116,132|0,35,28
1,63,124,c,4,3,100,116,132|0,32,31
1,63,125,c,4,3,100,116,132|0,28,35
1,63,126,c,4,3,100,116,132|0,24,39
1,63,127,c,4,3,100,116,132|0,20,43
1,63,128,c,4,3,100,116,132|0,16,47
1,63,129,c,4,3,100,116,132|0,12,51
1,63,130,c,4,3,100,116,132|0,8,55
1,63,131,c,4,3,100,116,132|0,4,59
1,63,132,c,4,3,100,116,132|0,0,63
1,63,133,c,4,3,100,116,132|0,0,63
1,63,134,c,4,3,100,116,132|0,0,63
1,63,135,c,4,3,100,116,132|0,0,63
1,63,136,c,4,3,100,116,132|0,0,63
1,1000,98,c,4,3,100,116,132|1000,0,0
1,1000,99,c,4,3,100,116,132|1000,0,0
1,1000,100,c,4,3,100,116,132|1000,0,0
1,1000,101,c,4,3,100,116,132|938,62,0
1,1000,102,c,4,3,100,116,132|875,125,0
1,1000,103,c,4,3,100,116,132|813,187,0
1,1000,104,c,4,3,100,116,132|750,250,0
1,1000,105,c,4,3,100,116,132|688,312,0
1,1000,106,c,4,3,100,116,132|625,375,0
1,1000,107,c,4,3,100,116,132|563,437,0
1,1000,108,c,4,3,100,116,132|500,500,0
1,1000,109,c,4,3,100,116,132|438,562,0
1,1000,110,c,4,3,100,116,132|375,625,0
1,1000,111,c,4,3,100,116,132|313,687,0
1,1000,112,c,4,3,100,116,132|250,750,0
1,1000,113,c,4,3,100,116,132|188,812,0
1,1000,114,c,4,3,100,116,132|125,875,0
1,1000,115,c,4,3,100,116,132|63,937,0
1,1000,116,c,4,3,100,116,132|0,1000,0
1,1000,117,c,4,3,100,116,132|0,938,62
1,1000,118,c,4,3,100,116,132|0,875,125
1,1000,119,c,4,3,100,116,132|0,813,187
1,1000,120,c,4,3,100,116,132|0,750,250
1,1000,121,c,4,3,100,116,132|0,688,312
1,1000,122,c,4,3,100,116,132|0,625,375
1,1000,123,c,4,3,100,116,132|0,563,437
1,1000,124,c,4,3,100,116,132|0,500,500
1,1000,125,c,4,3,100,116,132|0,438,562
1,1000,126,c,4,3,100,116,132|0,375,625
1,1000,127,c,4,3,100,116,132|0,313,687
1,1000,128,c,4,3,100,116,132|0,250,750
1,1000,129,c,4,3,100,116,132|0,188,812
1,1000,130,c,4,3,100,116,132|0,125,875
1,1000,131,c,4,3,100,116,132|0,63,937
1,1000,132,c,4,3,100,116,132|0,0,1000
1,1000,133,c,4,3,100,116,132|0,0,1000
1,1000,134,c,4,3,100,116,132|0,0,1000
1,1000,135,c,4,3,100,116,132|0,0,1000
1,1000,136,c,4,3,100,116,132|0,0,1000
2,1,98,c,4,3,100,116,132|1,0,0,0
2,1,99,c,4,3,100,116,132|1,0,0,0
2,1,100,c,4,3,100,116,132|1,0,0,0
2,1,101,c,4,3,100,116,132|1,0,0,0
2,1,102,c,4,3,100,116,132|1,0,0,0
2,1,103,c,4,3,100,116,132|1,0,0,0
2,1,104,c,4,3,100,116,132|1,0,0,0
2,1,105,c,4,3,100,116,132|0,1,0,0
2,1,106,c,4,3,100,116,132|0,1,0,0
2,1,107,c,4,3,100,116,132|0,1,0,0
2,1,108,c,4,3,100,116,132|0,1,0,0
2,1,109,c,4,3,100,116,132|0,1,0,0
2,1,110,c,4,3,100,116,132|0,1,0,0
2,1,111,c,4,3,100,116,132|0,1,0,0
2,1,112,c,4,3,100,116,132|0,1,0,0
2,1,113,c,4,3,100,116,132|0,1,0,0
2,1,114,c,4,3,100,116,132|0,1,0,0
2,1,115,c,4,3,100,116,132|0,1,0,0
2,1,116,c,4,3,100,116,132|0,1,0,0
2,1,117,c,4,3,100,116,132|0,0,1,0
2,1,118,c,4,3,100,116,132|0,0,1,0
2,1,119,c,4,3,100,116,132|0,0,1,0
2,1,120,c,4,3,100,116,132|0,0,1,0
2,1,121,c,4,3,100,116,132|0,0,1,0
2,1,122,c,4,3,100,116,132|0,0,1,0
2,1,123,c,4,3,100,116,132|0,0,1,0
2,1,124,c,4,3,100,116,132|0,0,1,0
2,1,125,c,4,3,100,116,132|0,0,1,0
2,1,126,c,4,3,100,116,132|0,0,1,0
2,1,127,c,4,3,100,116,132|0,0,1,0
2,1,128,c,4,3,100,116,132|0,0,0,1
2,1,129,c,4,3,100,116,132|0,0,0,1
2,1,130,c,4,3,100,116,132|0,0,0,1
2,1,131,c,4,3,100,116,132|0,0,0,1
2,1,132,c,4,3,100,116,132|0,0,0,1
2,1,133,c,4,3,100,116,132|0,0,0,1
2,1,134,c,4,3,100,116,132|0,0,0,1
2,1,135,c,4,3,100,116,132|0,0,0,1
2,1,136,c,4,3,100,116,132|0,0,0,1
2,2,98,c,4,3,100,116,132|2,0,0,0
2,2,99,c,4,3,100,116,132|2,0,0,0
2,2,100,c,4,3,100,116,132|2,0,0,0
2,2,101,c,4,3,100,116,132|2,0,0,0
2,2,102,c,4,3,100,116,132|2,0,0,0
2,2,103,c,4,3,100,116,132|1,1,0,0
2,2,104,c,4,3,100,116,132|1,1,0,0
2,2,105,c,4,3,100,116,132|1,1,0,0
2,2,106,c,4,3,100,116,132|1,1,0,0
2,2,107,c,4,3,100,116,132|1,1,0,0
2,2,108,c,4,3,100,116,132|1,1,0,0
2,2,109,c,4,3,100,116,132|1,1,0,0
2,2,110,c,4,3,100,116,132|0,1,1,0
2,2,111,c,4,3,100,116,132|0,1,1,0
2,2,112,c,4,3,100,116,132|0,1,1,0
2,2,113,c,4,3,100,116,132|0,1,1,0
2,2,114,c,4,3,100,116,132|0,1,1,0
2,2,115,c,4,3,100,116,132|0,1,1,0
2,2,116,c,4,3,100,116,132|0,1,1,0
2,2,117,c,4,3,100,116,132|0,1,1,0
2,2,118,c,4,3,100,116,132|0,1,1,0
2,2,119,c,4,3,100,116,132|0,1,1,0
2,2,120,c,4,3,100,116,132|0,1,1,0
2,2,121,c,4,3,100,116,132|0,1,1,0
2,2,122,c,4,3,100,116,132|0,1,1,0
2,2,123,c,4,3,100,116,132|0,0,1,1
2,2,124,c,4,3,100,116,132|0,0,1,1
2,2,125,c,4,3,100,116,132|0,0,1,1
2,2,126,c,4,3,100,116,132|0,0,1,1
2,2,127,c,4,3,100,116,132|0,0,1,1
2,2,128,c,4,3,100,116,132|0,0,1,1
2,2,129,c,4,3,100,116,132|0,0,1,1
2,2,130,c,4,3,100,116,132|0,0,0,2
2,2,131,c,4,3,100,116,132|0,0,0,2
2,2,132,c,4,3,100,116,132|0,0,0,2
2,2,133,c,4,3,100,116,132|0,0,0,2
2,2,134,c,4,3,100,116,132|0,0,0,2
2,2,135,c,4,3,100,116,132|0,0,0,2
2,2,136,c,4,3,100,116,132|0,0,0,2
2,3,98,c,4,3,100,116,132|3,0,0,0
2,3,99,c,4,3,100,116,132|3,0,0,0
2,3,100,c,4,3,100,116,132|3,0,0,0
2,3,101,c,4,3,100,116,132|3,0,0,0
2,3,102,c,4,3,100,116,132|2,1,0,0
2,3,103,c,4,3,100,116,132|2,1,0,0
2,3,104,c,4,3,100,116,132|2,1,0,0
2,3,105,c,4,3,100,116,132|1,2,0,0
2,3,106,c,4,3,100,116,132|1,2,0,0
2,3,107,c,4,3,100,116,132|1,2,0,0
2,3,108,c,4,3,100,116,132|1,2,0,0
2,3,109,c,4,3,100,116,132|1,2,0,0
2,3,110,c,4,3,100,116,132|0,2,1,0
2,3,111,c,4,3,100,116,132|0,2,1,0
2,3,112,c,4,3,100,116,132|0,2,1,0
2,3,113,c,4,3,100,116,132|0,2,1,0
2,3,114,c,4,3,100,116,132|0,2,1,0
2,3,115,c,4,3,100,116,132|0,2,1,0
2,3,116,c,4,3,100,116,132|0,2,1,0
2,3,117,c,4,3,100,116,132|0,1,2,0
2,3,118,c,4,3,100,116,132|0,1,2,0
2,3,119,c,4,3,100,116,132|0,1,2,0
2,3,120,c,4,3,100,116,132|0,1,2,0
2,3,121,c,4,3,100,116,132|0,1,2,0
2,3,122,c,4,3,100,116,132|0,1,2,0
2,3,123,c,4,3,100,116,132|0,0,2,1
2,3,124,c,4,3,100,116,132|0,0,2,1
2,3,125,c,4,3,100,116,132|0,0,2,1
2,3,126,c,4,3,100,116,132|0,0,2,1
2,3,127,c,4,3,100,116,132|0,0,2,1
2,3,128,c,4,3,100,116,132|0,0,1,2
2,3,129,c,4,3,100,116,132|0,0,1,2
2,3,130,c,4,3,100,116,132|0,0,1,2
2,3,131,c,4,3,100,116,132|0,0,0,3
2,3,132,c,4,3,100,116,132|0,0,0,3
2,3,133,c,4,3,100,116,132|0,0,0,3
2,3,134,c,4,3,100,116,132|0,0,0,3
2,3,135,c,4,3,100,116,132|0,0,0,3
2,3,136,c,4,3,100,116,132|0,0,0,3
2,7,98,c,4,3,100,116,132|7,0,0,0
2,7,99,c,4,3,100,116,132|7,0,0,0
2,7,100,c,4,3,100,116,132|7,0,0,0
2,7,101,c,4,3,100,116,132|6,1,0,0
2,7,102,c,4,3,100,116,132|5,2,0,0
2,7,103,c,4,3,100,116,132|5,2,0,0
2,7,104,c,4,3,100,116,132|4,3,0,0
2,7,105,c,4,3,100,116,132|3,4,0,0
2,7,106,c,4,3,100,116,132|3,4,0,0
2,7,107,c,4,3,100,116,132|2,4,1,0
2,7,108,c,4,3,100,116,132|2,4,1,0
2,7,109,c,4,3,100,116,132|1,5,1,0
2,7,110,c,4,3,100,116,132|1,5,1,0
2,7,111,c,4,3,100,116,132|1,5,1,0
2,7,112,c,4,3,100,116,132|0,5,2,0
2,7,113,c,4,3,100,116,132|0,5,2,0
2,7,114,c,4,3,100,116,132|0,4,3,0
2,7,115,c,4,3,100,116,132|0,4,3,0
2,7,116,c,4,3,100,116,132|0,4,3,0
2,7,117,c,4,3,100,116,132|0,3,4,0
2,7,118,c,4,3,100,116,132|0,3,4,0
2,7,119,c,4,3,100,116,132|0,2,5,0
2,7,120,c,4,3,100,116,132|0,2,5,0
2,7,121,c,4,3,100,116,132|0,1,5,1
2,7,122,c,4,3,100,116,132|0,1,5,1
2,7,123,c,4,3,100,116,132|0,1,5,1
2,7,124,c,4,3,100,116,132|0,1,4,2
2,7,125,c,4,3,100,116,132|0,1,4,2
2,7,126,c,4,3,100,116,132|0,0,4,3
2,7,127,c,4,3,100,116,132|0,0,4,3
2,7,128,c,4,3,100,116,132|0,0,3,4
2,7,129,c,4,3,100,116,132|0,0,2,5
2,7,130,c,4,3,100,116,132|0,0,2,5
2,7,131,c,4,3,100,116,132|0,0,1,6
2,7,132,c,4,3,100,116,132|0,0,0,7
2,7,133,c,4,3,100,116,132|0,0,0,7
2,7,134,c,4,3,100,116,132|0,0,0,7
2,7,135,c,4,3,100,116,132|0,0,0,7
2,7,136,c,4,3,100,116,132|0,0,0,7
2,8,98,c,4,3,100,116,132|8,0,0,0
2,8,99,c,4,3,100,116,132|8,0,0,0
2,8,100,c,4,3,100,116,132|8,0,0,0
2,8,101,c,4,3,100,116,132|7,1,0,0
2,8,102,c,4,3,100,116,132|6,2,0,0
2,8,103,c,4,3,100,116,132|5,3,0,0
2,8,104,c,4,3,100,116,132|5,3,0,0
2,8,105,c,4,3,100,116,132|4,4,0,0
2,8,106,c,4,3,100,116,132|3,4,1,0
2,8,107,c,4,3,100,116,132|2,5,1,0
2,8,108,c,4,3,100,116,132|2,5,1,0
2,8,109,c,4,3,100,116,132|2,5,1,0
2,8,110,c,4,3,100,116,132|1,5,2,0
2,8,111,c,4,3,100,116,132|1,5,2,0
2,8,112,c,4,3,100,116,132|1,5,2,0
2,8,113,c,4,3,100,116,132|0,5,3,0
2,8,114,c,4,3,100,116,132|0,5,3,0
2,8,115,c,4,3,100,116,132|0,4,4,0
2,8,116,c,4,3,100,116,132|0,4,4,0
2,8,117,c,4,3,100,116,132|0,4,4,0
2,8,118,c,4,3,100,116,132|0,3,5,0
2,8,119,c,4,3,100,116,132|0,3,5,0
2,8,120,c,4,3,100,116,132|0,2,5,1
2,8,121,c,4,3,100,116,132|0,2,5,1
2,8,122,c,4,3,100,116,132|0,2,5,1
2,8,123,c,4,3,100,116,132|0,1,5,2
2,8,124,c,4,3,100,116,132|0,1,5,2
2,8,125,c,4,3,100,116,132|0,1,5,2
2,8,126,c,4,3,100,116,132|0,1,4,3
2,8,127,c,4,3,100,116,132|0,0,4,4
2,8,128,c,4,3,100,116,132|0,0,3,5
2,8,129,c,4,3,100,116,132|0,0,3,5
2,8,130,c,4,3,100,116,132|0,0,2,6
2,8,131,c,4,3,100,116,132|0,0,1,7
2,8,132,c,4,3,100,116,132|0,0,0,8
2,8,133,c,4,3,100,116,132|0,0,0,8
2,8,134,c,4,3,100,116,132|0,0,0,8
2,8,135,c,4,3,100,116,132|0,0,0,8
2,8,136,c,4,3,100,116,132|0,0,0,8
2,16,98,c,4,3,100,116,132|16,0,0,0
2,16,99,c,4,3,100,116,132|16,0,0,0
2,16,100,c,4,3,100,116,132|16,0,0,0
2,16,101,c,4,3,100,116,132|14,2,0,0
2,16,102,c,4,3,100,116,132|12,4,0,0
2,16,103,c,4,3,100,116,132|11,5,0,0
2,16,104,c,4,3,100,116,132|9,7,0,0
2,16,105,c,4,3,100,116,132|7,8,1,0
2,16,106,c,4,3,100,116,132|6,9,1,0
2,16,107,c,4,3,100,116,132|5,9,2,0
2,16,108,c,4,3,100,116,132|4,10,2,0
2,16,109,c,4,3,100,116,132|3,10,3,0
2,16,110,c,4,3,100,116,132|2,11,3,0
2,16,111,c,4,3,100,116,132|1,11,4,0
2,16,112,c,4,3,100,116,132|1,11,4,0
2,16,113,c,4,3,100,116,132|1,10,5,0
2,16,114,c,4,3,100,116,132|0,10,6,0
2,16,115,c,4,3,100,116,132|0,9,7,0
2,16,116,c,4,3,100,116,132|0,8,8,0
2,16,117,c,4,3,100,116,132|0,7,9,0
2,16,118,c,4,3,100,116,132|0,6,10,0
2,16,119,c,4,3,100,116,132|0,5,10,1
2,16,120,c,4,3,100,116,132|0,5,10,1
2,16,121,c,4,3,100,116,132|0,4,11,1
2,16,122,c,4,3,100,116,132|0,3,11,2
2,16,123,c,4,3,100,116,132|0,3,10,3
2,16,124,c,4,3,100,116,132|0,2,10,4
2,16,125,c,4,3,100,116,132|0,2,9,5
2,16,126,c,4,3,100,116,132|0,1,9,6
2,16,127,c,4,3,100,116,132|0,1,8,7
2,16,128,c,4,3,100,116,132|0,1,6,9
2,16,129,c,4,3,100,116,132|0,0,5,11
2,16,130,c,4,3,100,116,132|0,0,4,12
2,16,131,c,4,3,100,116,132|0,0,2,14
2,16,132,c,4,3,100,116,132|0,0,0,16
2,16,133,c,4,3,100,116,132|0,0,0,16
2,16,134,c,4,3,100,116,132|0,0,0,16
2,16,135,c,4,3,100,116,132|0,0,0,16
2,16,136,c,4,3,100,116,132|0,0,0,16
2,63,98,c,4,3,100,116,132|63,0,0,0
2,63,99,c,4,3,100,116,132|63,0,0,0
2,63,100,c,4,3,100,116,132|63,0,0,0
2,63,101,c,4,3,100,116,132|55,8,0,0
2,63,102,c,4,3,100,116,132|48,14,1,0
2,63,103,c,4,3,100,116,132|42,20,1,0
2,63,104,c,4,3,100,116,132|35,26,2,0
2,63,105,c,4,3,100,116,132|30,30,3,0
2,63,106,c,4,3,100,116,132|25,34,4,0
2,63,107,c,4,3,100,116,132|20,37,6,0
2,63,108,c,4,3,100,116,132|16,39,8,0
2,63,109,c,4,3,100,116,132|12,41,10,0
2,63,110,c,4,3,100,116,132|9,42,12,0
2,63,111,c,4,3,100,116,132|6,42,15,0
2,63,112,c,4,3,100,116,132|4,41,18,0
2,63,113,c,4,3,100,116,132|2,40,21,0
2,63,114,c,4,3,100,116,132|1,38,24,0
2,63,115,c,4,3,100,116,132|0,35,28,0
2,63,116,c,4,3,100,116,132|0,32,31,0
2,63,117,c,4,3,100,116,132|0,28,35,0
2,63,118,c,4,3,100,116,132|0,24,38,1
2,63,119,c,4,3,100,116,132|0,21,40,2
2,63,120,c,4,3,100,116,132|0,18,41,4
2,63,121,c,4,3,100,116,132|0,15,42,6
2,63,122,c,4,3,100,116,132|0,12,42,9
2,63,123,c,4,3,100,116,132|0,10,41,12
2,63,124,c,4,3,100,116,132|0,8,39,16
2,63,125,c,4,3,100,116,132|0,6,37,20
2,63,126,c,4,3,100,116,132|0,4,34,25
2,63,127,c,4,3,100,116,132|0,3,30,30
2,63,128,c,4,3,100,116,132|0,2,26,35
2,63,129,c,4,3,100,116,132|0,1,20,42
2,63,130,c,4,3,100,116,132|0,1,14,48
2,63,131,c,4,3,100,116,132|0,0,8,55
2,63,132,c,4,3,100,116,132|0,0,0,63
2,63,133,c,4,3,100,116,132|0,0,0,63
2,63,134,c,4,3,100,116,132|0,0,0,63
2,63,135,c,4,3,100,116,132|0,0,0,63
2,63,136,c,4,3,100,116,132|0,0,0,63
2,1000,98,c,4,3,100,116,132|1000,0,0,0
2,1000,99,c,4,3,100,116,132|1000,0,0,0
2,1000,100,c,4,3,100,116,132|1000,0,0,0
2,1000,101,c,4,3,100,116,132|879,119,2,0
2,1000,102,c,4,3,100,116,132|766,226,8,0
2,1000,103,c,4,3,100,116,132|660,322,18,0
2,1000,104,c,4,3,100,116,132|563,406,31,0
2,1000,105,c,4,3,100,116,132|473,478,49,0
2,1000,106,c,4,3,100,116,132|391,539,70,0
2,1000,107,c,4,3,100,116,132|316,588,96,0
2,1000,108,c,4,3,100,116,132|250,625,125,0
2,1000,109,c,4,3,100,116,132|192,650,158,0
2,1000,110,c,4,3,100,116,132|141,664,195,0
2,1000,111,c,4,3,100,116,132|98,666,236,0
2,1000,112,c,4,3,100,116,132|63,656,281,0
2,1000,113,c,4,3,100,116,132|35,635,330,0
2,1000,114,c,4,3,100,116,132|16,601,383,0
2,1000,115,c,4,3,100,116,132|4,557,439,0
2,1000,116,c,4,3,100,116,132|0,500,500,0
2,1000,117,c,4,3,100,116,132|0,439,557,4
2,1000,118,c,4,3,100,116,132|0,383,601,16
2,1000,119,c,4,3,100,116,132|0,330,635,35
2,1000,120,c,4,3,100,116,132|0,281,656,63
2,1000,121,c,4,3,100,116,132|0,236,666,98
2,1000,122,c,4,3,100,116,132|0,195,664,141
2,1000,123,c,4,3,100,116,132|0,158,650,192
2,1000,124,c,4,3,100,116,132|0,125,625,250
2,1000,125,c,4,3,100,116,132|0,96,588,316
2,1000,126,c,4,3,100,116,132|0,70,539,391
2,1000,127,c,4,3,100,116,132|0,49,478,473
2,1000,128,c,4,3,100,116,132|0,31,406,563
2,1000,129,c,4,3,100,116,132|0,18,322,660
2,1000,130,c,4,3,100,116,132|0,8,226,766
2,1000,131,c,4,3,100,116,132|0,2,119,879
2,1000,132,c,4,3,100,116,132|0,0,0,1000
2,1000,133,c,4,3,100,116,132|0,0,0,1000
2,1000,134,c,4,3,100,116,132|0,0,0,1000
2,1000,135,c,4,3,100,116,132|0,0,0,1000
2,1000,136,c,4,3,100,116,132|0,0,0,1000
3,1,98,c,4,3,100,116,132|1,0,0,0,0
3,1,99,c,4,3,100,116,132|1,0,0,0,0
3,1,100,c,4,3,100,116,132|1,0,0,0,0
3,1,101,c,4,3,100,116,132|1,0,0,0,0
3,1,102,c,4,3,100,116,132|1,0,0,0,0
3,1,103,c,4,3,100,116,132|1,0,0,0,0
3,1,104,c,4,3,100,116,132|0,1,0,0,0
3,1,105,c,4,3,100,116,132|0,1,0,0,0
3,1,106,c,4,3,100,116,132|0,1,0,0,0
3,1,107,c,4,3,100,116,132|0,1,0,0,0
3,1,108,c,4,3,100,116,132|0,1,0,0,0
3,1,109,c,4,3,100,116,132|0,1,0,0,0
3,1,110,c,4,3,100,116,132|0,1,0,0,0
3,1,111,c,4,3,100,116,132|0,1,0,0,0
3,1,112,c,4,3,100,116,132|0,1,0,0,0
3,1,113,c,4,3,100,116,132|0,0,1,0,0
3,1,114,c,4,3,100,116,132|0,0,1,0,0
3,1,115,c,4,3,100,116,132|0,0,1,0,0
3,1,116,c,4,3,100,116,132|0,0,1,0,0
3,1,117,c,4,3,100,116,132|0,0,1,0,0
3,1,118,c,4,3,100,116,132|0,0,1,0,0
3,1,119,c,4,3,100,116,132|0,0,1,0,0
3,1,120,c,4,3,100,116,132|0,0,0,1,0
3,1,121,c,4,3,100,116,132|0,0,0,1,0
3,1,122,c,4,3,100,116,132|0,0,0,1,0
3,1,123,c,4,3,100,116,132|0,0,0,1,0
3,1,124,c,4,3,100,116,132|0,0,0,1,0
3,1,125,c,4,3,100,116,132|0,0,0,1,0
3,1,126,c,4,3,100,116,132|0,0,0,1,0
3,1,127,c,4,3,100,116,132|0,0,0,1,0
3,1,128,c,4,3,100,116,132|0,0,0,1,0
3,1,129,c,4,3,100,116,132|0,0,0,0,1
3,1,130,c,4,3,100,116,132|0,0,0,0,1
3,1,131,c,4,3,100,116,132|0,0,0,0,1
3,1,132,c,4,3,100,116,132|0,0,0,0,1
3,1,133,c,4,3,100,116,132|0,0,0,0,1
3,1,134,c,4,3,100,116,132|0,0,0,0,1
3,1,135,c,4,3,100,116,132|0,0,0,0,1
3,1,136,c,4,3,100,116,132|0,0,0,0,1
3,2,98,c,4,3,100,116,132|2,0,0,0,0
3,2,99,c,4,3,100,116,132|2,0,0,0,0
3,2,100,c,4,3,100,116,132|2,0,0,0,0
3,2,101,c,4,3,100,116,132|2,0,0,0,0
3,2,102,c,4,3,100,116,132|1,1,0,0,0
3,2,103,c,4,3,100,116,132|1,1,0,0,0
3,2,104,c,4,3,100,116,132|1,1,0,0,0
3,2,105,c,4,3,100,116,132|1,1,0,0,0
3,2,106,c,4,3,100,116,132|1,1,0,0,0
3,2,107,c,4,3,100,116,132|0,1,1,0,0
3,2,108,c,4,3,100,116,132|0,1,1,0,0
3,2,109,c,4,3,100,116,132|0,1,1,0,0
3,2,110,c,4,3,100,116,132|0,1,1,0,0
3,2,111,c,4,3,100,116,132|0,1,1,0,0
3,2,112,c,4,3,100,116,132|0,1,1,0,0
3,2,113,c,4,3,100,116,132|0,1,1,0,0
3,2,114,c,4,3,100,116,132|0,1,1,0,0
3,2,115,c,4,3,100,116,132|0,1,1,0,0
3,2,116,c,4,3,100,116,132|0,1,1,0,0
3,2,117,c,4,3,100,116,132|0,0,1,1,0
3,2,118,c,4,3,100,116,132|0,0,1,1,0
3,2,119,c,4,3,100,116,132|0,0,1,1,0
3,2,120,c,4,3,100,116,132|0,0,1,1,0
3,2,121,c,4,3,100,116,132|0,0,1,1,0
3,2,122,c,4,3,100,116,132|0,0,1,1,0
3,2,123,c,4,3,100,116,132|0,0,1,1,0
3,2,124,c,4,3,100,116,132|0,0,1,1,0
3,2,125,c,4,3,100,116,132|0,0,1,1,0
3,2,126,c,4,3,100,116,132|0,0,0,1,1
3,2,127,c,4,3,100,116,132|0,0,0,1,1
3,2,128,c,4,3,100,116,132|0,0,0,1,1
3,2,129,c,4,3,100,116,132|0,0,0,1,1
3,2,130,c,4,3,100,116,132|0,0,0,1,1
3,2,131,c,4,3,100,116,132|0,0,0,0,2
3,2,132,c,4,3,100,116,132|0,0,0,0,2
3,2,133,c,4,3,100,116,132|0,0,0,0,2
3,2,134,c,4,3,100,116,132|0,0,0,0,2
3,2,135,c,4,3,100,116,132|0,0,0,0,2
3,2,136,c,4,3,100,116,132|0,0,0,0,2
3,3,98,c,4,3,100,116,132|3,0,0,0,0
3,3,99,c,4,3,100,116,132|3,0,0,0,0
3,3,100,c,4,3,100,116,132|3,0,0,0,0
3,3,101,c,4,3,100,116,132|2,1,0,0,0
3,3,102,c,4,3,100,116,132|2,1,0,0,0
3,3,103,c,4,3,100,116,132|2,1,0,0,0
3,3,104,c,4,3,100,116,132|1,2,0,0,0
3,3,105,c,4,3,100,116,132|1,2,0,0,0
3,3,106,c,4,3,100,116,132|1,2,0,0,0
3,3,107,c,4,3,100,116,132|0,2,1,0,0
3,3,108,c,4,3,100,116,132|0,2,1,0,0
3,3,109,c,4,3,100,116,132|0,2,1,0,0
3,3,110,c,4,3,100,116,132|0,2,1,0,0
3,3,111,c,4,3,100,116,132|0,2,1,0,0
3,3,112,c,4,3,100,116,132|0,2,1,0,0
3,3,113,c,4,3,100,116,132|0,1,1,1,0
3,3,114,c,4,3,100,116,132|0,1,1,1,0
3,3,115,c,4,3,100,116,132|0,1,1,1,0
3,3,116,c,4,3,100,116,132|0,1,1,1,0
3,3,117,c,4,3,100,116,132|0,1,1,1,0
3,3,118,c,4,3,100,116,132|0,1,1,1,0
3,3,119,c,4,3,100,116,132|0,1,1,1,0
3,3,120,c,4,3,100,116,132|0,0,1,2,0
3,3,121,c,4,3,100,116,132|0,0,1,2,0
3,3,122,c,4,3,100,116,132|0,0,1,2,0
3,3,123,c,4,3,100,116,132|0,0,1,2,0
3,3,124,c,4,3,100,116,132|0,0,1,2,0
3,3,125,c,4,3,100,116,132|0,0,1,2,0
3,3,126,c,4,3,100,116,132|0,0,0,2,1
3,3,127,c,4,3,100,116,132|0,0,0,2,1
3,3,128,c,4,3,100,116,132|0,0,0,2,1
3,3,129,c,4,3,100,116,132|0,0,0,1,2
3,3,130,c,4,3,100,116,132|0,0,0,1,2
3,3,131,c,4,3,100,116,132|0,0,0,1,2
3,3,132,c,4,3,100,116,132|0,0,0,0,3
3,3,133,c,4,3,100,116,132|0,0,0,0,3
3,3,134,c,4,3,100,116,132|0,0,0,0,3
3,3,135,c,4,3,100,116,132|0,0,0,0,3
3,3,136,c,4,3,100,116,132|0,0,0,0,3
3,7,98,c,4,3,100,116,132|7,0,0,0,0
3,7,99,c,4,3,100,116,132|7,0,0,0,0
3,7,100,c,4,3,100,116,132|7,0,0,0,0
3,7,101,c,4,3,100,116,132|6,1,0,0,0
3,7,102,c,4,3,100,116,132|5,2,0,0,0
3,7,103,c,4,3,100,116,132|4,3,0,0,0
3,7,104,c,4,3,100,116,132|3,3,1,0,0
3,7,105,c,4,3,100,116,132|2,4,1,0,0
3,7,106,c,4,3,100,116,132|2,4,1,0,0
3,7,107,c,4,3,100,116,132|1,4,2,0,0
3,7,108,c,4,3,100,116,132|1,4,2,0,0
3,7,109,c,4,3,100,116,132|1,4,2,0,0
3,7,110,c,4,3,100,116,132|0,4,2,1,0
3,7,111,c,4,3,100,116,132|0,3,3,1,0
3,7,112,c,4,3,100,116,132|0,3,3,1,0
3,7,113,c,4,3,100,116,132|0,3,3,1,0
3,7,114,c,4,3,100,116,132|0,3,3,1,0
3,7,115,c,4,3,100,116,132|0,2,4,1,0
3,7,116,c,4,3,100,116,132|0,2,3,2,0
3,7,117,c,4,3,100,116,132|0,1,4,2,0
3,7,118,c,4,3,100,116,132|0,1,3,3,0
3,7,119,c,4,3,100,116,132|0,1,3,3,0
3,7,120,c,4,3,100,116,132|0,1,3,3,0
3,7,121,c,4,3,100,116,132|0,1,3,3,0
3,7,122,c,4,3,100,116,132|0,1,2,4,0
3,7,123,c,4,3,100,116,132|0,0,2,4,1
3,7,124,c,4,3,100,116,132|0,0,2,4,1
3,7,125,c,4,3,100,116,132|0,0,2,4,1
3,7,126,c,4,3,100,116,132|0,0,1,4,2
3,7,127,c,4,3,100,116,132|0,0,1,4,2
3,7,128,c,4,3,100,116,132|0,0,1,3,3
3,7,129,c,4,3,100,116,132|0,0,0,3,4
3,7,130,c,4,3,100,116,132|0,0,0,2,5
3,7,131,c,4,3,100,116,132|0,0,0,1,6
3,7,132,c,4,3,100,116,132|0,0,0,0,7
3,7,133,c,4,3,100,116,132|0,0,0,0,7
3,7,134,c,4,3,100,116,132|0,0,0,0,7
3,7,135,c,4,3,100,116,132|0,0,0,0,7
3,7,136,c,4,3,100,116,132|0,0,0,0,7
3,8,98,c,4,3,100,116,132|8,0,0,0,0
3,8,99,c,4,3,100,116,132|8,0,0,0,0
3,8,100,c,4,3,100,116,132|8,0,0,0,0
3,8,101,c,4,3,100,116,132|7,1,0,0,0
3,8,102,c,4,3,100,116,132|5,3,0,0,0
3,8,103,c,4,3,100,116,132|4,3,1,0,0
3,8,104,c,4,3,100,116,132|3,4,1,0,0
3,8,105,c,4,3,100,116,132|3,4,1,0,0
3,8,106,c,4,3,100,116,132|2,5,1,0,0
3,8,107,c,4,3,100,116,132|1,5,2,0,0
3,8,108,c,4,3,100,116,132|1,5,2,0,0
3,8,109,c,4,3,100,116,132|1,5,2,0,0
3,8,110,c,4,3,100,116,132|0,4,3,1,0
3,8,111,c,4,3,100,116,132|0,4,3,1,0
3,8,112,c,4,3,100,116,132|0,4,3,1,0
3,8,113,c,4,3,100,116,132|0,3,4,1,0
3,8,114,c,4,3,100,116,132|0,3,4,1,0
3,8,115,c,4,3,100,116,132|0,2,4,2,0
3,8,116,c,4,3,100,116,132|0,2,4,2,0
3,8,117,c,4,3,100,116,132|0,2,4,2,0
3,8,118,c,4,3,100,116,132|0,1,4,3,0
3,8,119,c,4,3,100,116,132|0,1,4,3,0
3,8,120,c,4,3,100,116,132|0,1,3,4,0
3,8,121,c,4,3,100,116,132|0,1,3,4,0
3,8,122,c,4,3,100,116,132|0,1,3,4,0
3,8,123,c,4,3,100,116,132|0,0,2,5,1
3,8,124,c,4,3,100,116,132|0,0,2,5,1
3,8,125,c,4,3,100,116,132|0,0,2,5,1
3,8,126,c,4,3,100,116,132|0,0,1,5,2
3,8,127,c,4,3,100,116,132|0,0,1,4,3
3,8,128,c,4,3,100,116,132|0,0,1,4,3
3,8,129,c,4,3,100,116,132|0,0,1,3,4
3,8,130,c,4,3,100,116,132|0,0,0,3,5
3,8,131,c,4,3,100,116,132|0,0,0,1,7
3,8,132,c,4,3,100,116,132|0,0,0,0,8
3,8,133,c,4,3,100,116,132|0,0,0,0,8
3,8,134,c,4,3,100,116,132|0,0,0,0,8
3,8,135,c,4,3,100,116,132|0,0,0,0,8
3,8,136,c,4,3,100,116,132|0,0,0,0,8
3,16,98,c,4,3,100,116,132|16,0,0,0,0
3,16,99,c,4,3,100,116,132|16,0,0,0,0
3,16,100,c,4,3,100,116,132|16,0,0,0,0
3,16,101,c,4,3,100,116,132|13,3,0,0,0
3,16,102,c,4,3,100,116,132|11,5,0,0,0
3,16,103,c,4,3,100,116,132|8,7,1,0,0
3,16,104,c,4,3,100,116,132|7,8,1,0,0
3,16,105,c,4,3,100,116,132|5,9,2,0,0
3,16,106,c,4,3,100,116,132|4,9,3,0,0
3,16,107,c,4,3,100,116,132|3,10,3,0,0
3,16,108,c,4,3,100,116,132|2,10,4,0,0
3,16,109,c,4,3,100,116,132|1,9,5,1,0
3,16,110,c,4,3,100,116,132|1,9,5,1,0
3,16,111,c,4,3,100,116,132|1,8,6,1,0
3,16,112,c,4,3,100,116,132|0,7,7,2,0
3,16,113,c,4,3,100,116,132|0,7,7,2,0
3,16,114,c,4,3,100,116,132|0,5,8,3,0
3,16,115,c,4,3,100,116,132|0,5,8,3,0
3,16,116,c,4,3,100,116,132|0,4,8,4,0
3,16,117,c,4,3,100,116,132|0,3,8,5,0
3,16,118,c,4,3,100,116,132|0,3,8,5,0
3,16,119,c,4,3,100,116,132|0,2,7,7,0
3,16,120,c,4,3,100,116,132|0,2,7,7,0
3,16,121,c,4,3,100,116,132|0,1,6,8,1
3,16,122,c,4,3,100,116,132|0,1,5,9,1
3,16,123,c,4,3,100,116,132|0,1,5,9,1
3,16,124,c,4,3,100,116,132|0,1,4,9,2
3,16,125,c,4,3,100,116,132|0,0,3,10,3
3,16,126,c,4,3,100,116,132|0,0,3,9,4
3,16,127,c,4,3,100,116,132|0,0,2,9,5
3,16,128,c,4,3,100,116,132|0,0,1,8,7
3,16,129,c,4,3,100,116,132|0,0,1,7,8
3,16,130,c,4,3,100,116,132|0,0,0,5,11
3,16,131,c,4,3,100,116,132|0,0,0,3,13
3,16,132,c,4,3,100,116,132|0,0,0,0,16
3,16,133,c,4,3,100,116,132|0,0,0,0,16
3,16,134,c,4,3,100,116,132|0,0,0,0,16
3,16,135,c,4,3,100,116,132|0,0,0,0,16
3,16,136,c,4,3,100,116,132|0,0,0,0,16
3,63,98,c,4,3,100,116,132|63,0,0,0,0
3,63,99,c,4,3,100,116,132|63,0,0,0,0
3,63,100,c,4,3,100,116,132|63,0,0,0,0
3,63,101,c,4,3,100,116,132|52,11,0,0,0
3,63,102,c,4,3,100,116,132|42,20,1,0,0
3,63,103,c,4,3,100,116,132|34,26,3,0,0
3,63,104,c,4,3,100,116,132|27,31,5,0,0
3,63,105,c,4,3,100,116,132|20,35,7,1,0
3,63,106,c,4,3,100,116,132|15,37,10,1,0
3,63,107,c,4,3,100,116,132|11,38,13,1,0
3,63,108,c,4,3,100,116,132|8,37,16,2,0
3,63,109,c,4,3,100,116,132|5,36,19,3,0
3,63,110,c,4,3,100,116,132|3,34,22,4,0
3,63,111,c,4,3,100,116,132|2,32,24,5,0
3,63,112,c,4,3,100,116,132|1,29,26,7,0
3,63,113,c,4,3,100,116,132|0,26,29,8,0
3,63,114,c,4,3,100,116,132|0,22,30,11,0
3,63,115,c,4,3,100,116,132|0,19,31,13,0
3,63,116,c,4,3,100,116,132|0,16,31,16,0
3,63,117,c,4,3,100,116,132|0,13,31,19,0
3,63,118,c,4,3,100,116,132|0,11,30,22,0
3,63,119,c,4,3,100,116,132|0,8,29,26,0
3,63,120,c,4,3,100,116,132|0,7,26,29,1
3,63,121,c,4,3,100,116,132|0,5,24,32,2
3,63,122,c,4,3,100,116,132|0,4,22,34,3
3,63,123,c,4,3,100,116,132|0,3,19,36,5
3,63,124,c,4,3,100,116,132|0,2,16,37,8
3,63,125,c,4,3,100,116,132|0,1,13,38,11
3,63,126,c,4,3,100,116,132|0,1,10,37,15
3,63,127,c,4,3,100,116,132|0,1,7,35,20
3,63,128,c,4,3,100,116,132|0,0,5,31,27
3,63,129,c,4,3,100,116,132|0,0,3,26,34
3,63,130,c,4,3,100,116,132|0,0,1,20,42
3,63,131,c,4,3,100,116,132|0,0,0,11,52
3,63,132,c,4,3,100,116,132|0,0,0,0,63
3,63,133,c,4,3,100,116,132|0,0,0,0,63
3,63,134,c,4,3,100,116,132|0,0,0,0,63
3,63,135,c,4,3,100,116,132|0,0,0,0,63
3,63,136,c,4,3,100,116,132|0,0,0,0,63
3,1000,98,c,4,3,100,116,132|1000,0,0,0,0
3,1000,99,c,4,3,100,116,132|1000,0,0,0,0
3,1000,100,c,4,3,100,116,132|1000,0,0,0,0
3,1000,101,c,4,3,100,116,132|824,170,6,0,0
3,1000,102,c,4,3,100,116,132|670,308,21,1,0
3,1000,103,c,4,3,100,116,132|536,416,46,2,0
3,1000,104,c,4,3,100,116,132|422,496,78,4,0
3,1000,105,c,4,3,100,116,132|325,551,116,8,0
3,1000,106,c,4,3,100,116,132|244,585,158,13,0
3,1000,107,c,4,3,100,116,132|178,598,203,21,0
3,1000,108,c,4,3,100,116,132|125,594,250,31,0
3,1000,109,c,4,3,100,116,132|84,575,297,44,0
3,1000,110,c,4,3,100,116,132|53,544,342,61,0
3,1000,111,c,4,3,100,116,132|31,504,384,81,0
3,1000,112,c,4,3,100,116,132|16,457,422,105,0
3,1000,113,c,4,3,100,116,132|7,405,454,134,0
3,1000,114,c,4,3,100,116,132|2,352,479,167,0
3,1000,115,c,4,3,100,116,132|0,299,495,206,0
3,1000,116,c,4,3,100,116,132|0,250,500,250,0
3,1000,117,c,4,3,100,116,132|0,206,495,299,0
3,1000,118,c,4,3,100,116,132|0,167,479,352,2
3,1000,119,c,4,3,100,116,132|0,134,454,405,7
3,1000,120,c,4,3,100,116,132|0,105,422,457,16
3,1000,121,c,4,3,100,116,132|0,81,384,504,31
3,1000,122,c,4,3,100,116,132|0,61,342,544,53
3,1000,123,c,4,3,100,116,132|0,44,297,575,84
3,1000,124,c,4,3,100,116,132|0,31,250,594,125
3,1000,125,c,4,3,100,116,132|0,21,203,598,178
3,1000,126,c,4,3,100,116,132|0,13,158,585,244
3,1000,127,c,4,3,100,116,132|0,8,116,551,325
3,1000,128,c,4,3,100,116,132|0,4,78,496,422
3,1000,129,c,4,3,100,116,132|0,2,46,416,536
3,1000,130,c,4,3,100,116,132|0,1,21,308,670
3,1000,131,c,4,3,100,116,132|0,0,6,170,824
3,1000,132,c,4,3,100,116,132|0,0,0,0,1000
3,1000,133,c,4,3,100,116,132|0,0,0,0,1000
3,1000,134,c,4,3,100,116,132|0,0,0,0,1000
3,1000,135,c,4,3,100,116,132|0,0,0,0,1000
3,1000,136,c,4,3,100,116,132|0,0,0,0,1000
