name	version	source	checksum	license
Inflector	0.11.4	registry+https://github.com/rust-lang/crates.io-index	fe438c63458706e03479442743baae6c88256498e6431708f6dfc520a26515d3	BSD-2-Clause
adler2	2.0.1	registry+https://github.com/rust-lang/crates.io-index	320119579fcad9c21884f5c4861d16174d0e06250625266f50fe6898340abefa	0BSD OR MIT OR Apache-2.0
aead	0.5.2	registry+https://github.com/rust-lang/crates.io-index	d122413f284cf2d62fb1b7db97e02edb8cda96d769b16e443a4f6195e35662b0	MIT OR Apache-2.0
aes	0.8.4	registry+https://github.com/rust-lang/crates.io-index	b169f7a6d4742236a0a00c541b845991d0ac43e546831af1249753ab4c3aa3a0	MIT OR Apache-2.0
aes-gcm-siv	0.11.1	registry+https://github.com/rust-lang/crates.io-index	ae0784134ba9375416d469ec31e7c5f9fa94405049cf08c5ce5b4698be673e0d	MIT OR Apache-2.0
agave-bls-cert-verify	4.2.1	registry+https://github.com/rust-lang/crates.io-index	f6b6334f25735d4345cc57ae8a9f7da3d99f422dfd16defe8bf253f4716a0f45	Apache-2.0
agave-cpu-utils	4.2.1	registry+https://github.com/rust-lang/crates.io-index	b2da49b780e1831abaef6fd17016b653cf21301ad77271b72ad477c530029b49	Apache-2.0
agave-feature-set	4.2.1	registry+https://github.com/rust-lang/crates.io-index	93723b88193a51692304c79dc52cfea0389dabe9a6650288dd508b78fbff5a8f	Apache-2.0
agave-fs	4.2.1	registry+https://github.com/rust-lang/crates.io-index	36bfb38931e2aafc6e72183db7b9ecb40f5bf8ea1783444905eab51f0830e2e7	Apache-2.0
agave-io-uring	4.2.1	registry+https://github.com/rust-lang/crates.io-index	ff3fc82af9dde3830ba232d5b9696501efe718f548b5ca9276c0a692a265b180	Apache-2.0
agave-logger	4.2.1	registry+https://github.com/rust-lang/crates.io-index	943492d863806d26552d1b9e2dbf02295719f4bd438015637626c9da51a2973c	Apache-2.0
agave-precompiles	4.2.1	registry+https://github.com/rust-lang/crates.io-index	3d4b7f6df4556094a86b0cfedc931235ddbb738f3a8a0676990f0be26091cca9	Apache-2.0
agave-random	4.2.1	registry+https://github.com/rust-lang/crates.io-index	88a9ee7bf8f8fc56921efe41d4ca910bdbe8846aaad7ac0a9c3d74b2cc68b145	Apache-2.0
agave-reserved-account-keys	4.2.1	registry+https://github.com/rust-lang/crates.io-index	823f261d896cedb7f95ecfed70d27aae6c7fd5a8fcc01e21a71382268e0743e4	Apache-2.0
agave-snapshots	4.2.1	registry+https://github.com/rust-lang/crates.io-index	827c148711b74d41d75772b9171ce62a3b05f36b74e8d9c6d48b38b9b21bb770	Apache-2.0
agave-transaction-view	4.2.1	registry+https://github.com/rust-lang/crates.io-index	355713e066b40689fca695caa2cb4f3fa582dc7a40c3fa28206b84ad5fa6bf95	Apache-2.0
agave-votor-messages	4.2.1	registry+https://github.com/rust-lang/crates.io-index	f13132a1b3bb9c543f19b6de6d47318c6ed6af7978808d9abf1f424c31da2f01	Apache-2.0
agave-xdp	4.2.1	registry+https://github.com/rust-lang/crates.io-index	1184194019693cf5e430205410847f2b18234270052ece5ed1ac0200cb4ba9f8	Apache-2.0
agave-xdp-ebpf	4.2.1	registry+https://github.com/rust-lang/crates.io-index	089340aa6476eea624a152f75416dce28b5e0ee425e7d3c5bfa4a96d43a606d7	Apache-2.0
ahash	0.8.12	registry+https://github.com/rust-lang/crates.io-index	5a15f179cd60c4584b8a8c596927aadc462e27f2ca70c04e0071964a73ba7a75	MIT OR Apache-2.0
aho-corasick	1.1.5	registry+https://github.com/rust-lang/crates.io-index	c982642fa9e8606056828ee9a8505737230110bb1099153c79efe865c59d12ba	Unlicense OR MIT
alloc-no-stdlib	2.0.4	registry+https://github.com/rust-lang/crates.io-index	cc7bb162ec39d46ab1ca8c77bf72e890535becd1751bb45f64c597edb4c8c6b3	BSD-3-Clause
alloc-stdlib	0.2.4	registry+https://github.com/rust-lang/crates.io-index	0e76a019e91224d279006ff972f1e984179a6e9feb050adba6ce8274aef23195	BSD-3-Clause
allocator-api2	0.2.21	registry+https://github.com/rust-lang/crates.io-index	683d7910e743518b0e34f1186f92494becacb047c7b6bf616c96772180fef923	MIT OR Apache-2.0
android_system_properties	0.1.6	registry+https://github.com/rust-lang/crates.io-index	ae221649c9976a6f6c56ae1facf410f3ddb33cc661c4b7b61020a912d4237fbc	MIT OR Apache-2.0
anstream	1.0.0	registry+https://github.com/rust-lang/crates.io-index	824a212faf96e9acacdbd09febd34438f8f711fb84e09a8916013cd7815ca28d	MIT OR Apache-2.0
anstyle	1.0.14	registry+https://github.com/rust-lang/crates.io-index	940b3a0ca603d1eade50a4846a2afffd5ef57a9feac2c0e2ec2e14f9ead76000	MIT OR Apache-2.0
anstyle-parse	1.0.0	registry+https://github.com/rust-lang/crates.io-index	52ce7f38b242319f7cabaa6813055467063ecdc9d355bbb4ce0c68908cd8130e	MIT OR Apache-2.0
anstyle-query	1.1.5	registry+https://github.com/rust-lang/crates.io-index	40c48f72fd53cd289104fc64099abca73db4166ad86ea0b4341abe65af83dadc	MIT OR Apache-2.0
anstyle-wincon	3.0.11	registry+https://github.com/rust-lang/crates.io-index	291e6a250ff86cd4a820112fb8898808a366d8f9f58ce16d1f538353ad55747d	MIT OR Apache-2.0
anyhow	1.0.104	registry+https://github.com/rust-lang/crates.io-index	330a5ed07fa54e4702c9d6c4174f74427fc0ef6e214bbd677ae50a5099946470	MIT OR Apache-2.0
aquamarine	0.6.0	registry+https://github.com/rust-lang/crates.io-index	0f50776554130342de4836ba542aa85a4ddb361690d7e8df13774d7284c3d5c2	MIT
arc-swap	1.9.2	registry+https://github.com/rust-lang/crates.io-index	c049c0be4daef0b145cb3555416b3b8ef5b7888a38aea1a3a155801fe7b0810b	MIT OR Apache-2.0
archery	1.2.3	registry+https://github.com/rust-lang/crates.io-index	33ca55ee147b1926dbea904f50fe4902494e97bc742205abbbf10c709e43815f	MIT
ark-bn254	0.4.0	registry+https://github.com/rust-lang/crates.io-index	a22f4561524cd949590d78d7d4c5df8f592430d221f7f3c9497bbafd8972120f	MIT/Apache-2.0
ark-bn254	0.5.0	registry+https://github.com/rust-lang/crates.io-index	d69eab57e8d2663efa5c63135b2af4f396d66424f88954c21104125ab6b3e6bc	MIT OR Apache-2.0
ark-ec	0.4.2	registry+https://github.com/rust-lang/crates.io-index	defd9a439d56ac24968cca0571f598a61bc8c55f71d50a89cda591cb750670ba	MIT/Apache-2.0
ark-ec	0.5.0	registry+https://github.com/rust-lang/crates.io-index	43d68f2d516162846c1238e755a7c4d131b892b70cc70c471a8e3ca3ed818fce	MIT OR Apache-2.0
ark-ff	0.4.2	registry+https://github.com/rust-lang/crates.io-index	ec847af850f44ad29048935519032c33da8aa03340876d351dfab5660d2966ba	MIT/Apache-2.0
ark-ff	0.5.0	registry+https://github.com/rust-lang/crates.io-index	a177aba0ed1e0fbb62aa9f6d0502e9b46dad8c2eab04c14258a1212d2557ea70	MIT OR Apache-2.0
ark-ff-asm	0.4.2	registry+https://github.com/rust-lang/crates.io-index	3ed4aa4fe255d0bc6d79373f7e31d2ea147bcf486cba1be5ba7ea85abdb92348	MIT/Apache-2.0
ark-ff-asm	0.5.0	registry+https://github.com/rust-lang/crates.io-index	62945a2f7e6de02a31fe400aa489f0e0f5b2502e69f95f853adb82a96c7a6b60	MIT OR Apache-2.0
ark-ff-macros	0.4.2	registry+https://github.com/rust-lang/crates.io-index	7abe79b0e4288889c4574159ab790824d0033b9fdcb2a112a3182fac2e514565	MIT/Apache-2.0
ark-ff-macros	0.5.0	registry+https://github.com/rust-lang/crates.io-index	09be120733ee33f7693ceaa202ca41accd5653b779563608f1234f78ae07c4b3	MIT OR Apache-2.0
ark-poly	0.4.2	registry+https://github.com/rust-lang/crates.io-index	d320bfc44ee185d899ccbadfa8bc31aab923ce1558716e1997a1e74057fe86bf	MIT/Apache-2.0
ark-poly	0.5.0	registry+https://github.com/rust-lang/crates.io-index	579305839da207f02b89cd1679e50e67b4331e2f9294a57693e5051b7703fe27	MIT OR Apache-2.0
ark-serialize	0.4.2	registry+https://github.com/rust-lang/crates.io-index	adb7b85a02b83d2f22f89bd5cac66c9c89474240cb6207cb1efc16d098e822a5	MIT/Apache-2.0
ark-serialize	0.5.0	registry+https://github.com/rust-lang/crates.io-index	3f4d068aaf107ebcd7dfb52bc748f8030e0fc930ac8e360146ca54c1203088f7	MIT OR Apache-2.0
ark-serialize-derive	0.4.2	registry+https://github.com/rust-lang/crates.io-index	ae3281bc6d0fd7e549af32b52511e1302185bd688fd3359fa36423346ff682ea	MIT/Apache-2.0
ark-serialize-derive	0.5.0	registry+https://github.com/rust-lang/crates.io-index	213888f660fddcca0d257e88e54ac05bca01885f258ccdf695bafd77031bb69d	MIT OR Apache-2.0
ark-std	0.4.0	registry+https://github.com/rust-lang/crates.io-index	94893f1e0c6eeab764ade8dc4c0db24caf4fe7cbbaafc0eba0a9030f447b5185	MIT/Apache-2.0
ark-std	0.5.0	registry+https://github.com/rust-lang/crates.io-index	246a225cc6131e9ee4f24619af0f19d67761fff15d7ccc22e42b80846e69449a	MIT/Apache-2.0
arrayref	0.3.9	registry+https://github.com/rust-lang/crates.io-index	76a2e8124351fda1ef8aaaa3bbd7ebbcb486bbcd4225aca0aa0d84bb2db8fecb	BSD-2-Clause
arrayvec	0.7.8	registry+https://github.com/rust-lang/crates.io-index	d3fb67a6e08acf24fdeccbac2cb6ac4305825bd1f117462e0e6f2f193345ad56	MIT OR Apache-2.0
ascii	0.9.3	registry+https://github.com/rust-lang/crates.io-index	eab1c04a571841102f5345a8fc0f6bb3d31c315dec879b5c6e42e40ce7ffa34e	Apache-2.0 / MIT
asn1-rs	0.7.2	registry+https://github.com/rust-lang/crates.io-index	b7f43a50ac4fdca5df8e885c21b835997f0a1cdee65494a6847694a98652d9d8	MIT OR Apache-2.0
asn1-rs-derive	0.6.0	registry+https://github.com/rust-lang/crates.io-index	3109e49b1e4909e9db6515a30c633684d68cdeaa252f215214cb4fa1a5bfee2c	MIT OR Apache-2.0
asn1-rs-impl	0.2.0	registry+https://github.com/rust-lang/crates.io-index	7b18050c2cd6fe86c3a76584ef5e0baf286d038cda203eb6223df2cc413565f7	MIT/Apache-2.0
assert_matches	1.5.0	registry+https://github.com/rust-lang/crates.io-index	9b34d609dfbaf33d6889b2b7106d3ca345eacad44200913df5ba02bfd31d2ba9	MIT/Apache-2.0
async-compression	0.4.43	registry+https://github.com/rust-lang/crates.io-index	3976abdc8fe7d1133d43d304afd42abdf5bc3e1319d263d223bde07b5efc4be8	MIT OR Apache-2.0
async-trait	0.1.92	registry+https://github.com/rust-lang/crates.io-index	82f6aeea286b8eb4dd3431a1be1b59d290ace00f5bfd8e2a159bc2a05e2c1667	MIT OR Apache-2.0
atomic-waker	1.1.2	registry+https://github.com/rust-lang/crates.io-index	1505bd5d3d116872e7271a6d4e16d81d0c8570876c8de68093a09ac269d8aac0	Apache-2.0 OR MIT
autocfg	1.5.1	registry+https://github.com/rust-lang/crates.io-index	f2032f911046de80f0a198e0901378627c33f59ea0ac00e363d481118bd70a53	Apache-2.0 OR MIT
aya	0.14.0	registry+https://github.com/rust-lang/crates.io-index	66e644424fada9fff4fdc63848db1732fb69b626e8328202ef55c03df1f4d939	MIT OR Apache-2.0
aya-build	0.1.3	registry+https://github.com/rust-lang/crates.io-index	59bc42f3c5ddacc34eca28a420b47e3cbb3f0f484137cb2bf1ad2153d0eae52a	MIT OR Apache-2.0
aya-ebpf	0.1.1	registry+https://github.com/rust-lang/crates.io-index	d8dbaf5409a1a0982e5c9bdc0f499a55fe5ead39fe9c846012053faf0d404f73	MIT OR Apache-2.0
aya-ebpf-bindings	0.1.2	registry+https://github.com/rust-lang/crates.io-index	71ee8e6a617f040d8da7565ec4010aea75e33cda4662f64c019c66ee97d17889	MIT OR Apache-2.0
aya-ebpf-cty	0.2.3	registry+https://github.com/rust-lang/crates.io-index	e6f33396742e7fd0f519c1e0de5141d84e1a8df69146a557c08cc222b0ceace4	MIT OR Apache-2.0
aya-ebpf-macros	0.1.2	registry+https://github.com/rust-lang/crates.io-index	96fd02363736177e7e91d6c95d7effbca07be87502c7b5b32fc194aed8b177a0	MIT OR Apache-2.0
aya-obj	0.3.0	registry+https://github.com/rust-lang/crates.io-index	8c76b9c75d9cdc155ff8f6a06d61e873f67bf47be8cfa92a3b5aaea43f4b4077	MIT OR Apache-2.0
base16ct	0.2.0	registry+https://github.com/rust-lang/crates.io-index	4c7f02d4ea65f2c1853089ffd8d2787bdbc63de2f0d29dedbcf8ccdfa0ccd4cf	Apache-2.0 OR MIT
base64	0.13.1	registry+https://github.com/rust-lang/crates.io-index	9e1b586273c5702936fe7b7d6896644d8be71e6314cfe09d3167c95f712589e8	MIT/Apache-2.0
base64	0.22.1	registry+https://github.com/rust-lang/crates.io-index	72b3254f16251a8381aa12e40e3c4d2f0199f8c6508fbecb9d91f575e0fbb8c6	MIT OR Apache-2.0
base64ct	1.8.3	registry+https://github.com/rust-lang/crates.io-index	2af50177e190e07a26ab74f8b1efbfe2ef87da2116221318cb1c2e82baf7de06	Apache-2.0 OR MIT
bincode	1.3.3	registry+https://github.com/rust-lang/crates.io-index	b1f45e9417d87227c7a56d22e471c6206462cba514c7590c09aff4cf6d1ddcad	MIT
bitflags	1.3.2	registry+https://github.com/rust-lang/crates.io-index	bef38d45163c2f1dde094a7dfd33ccf595c92905c8f8f4fdc18d06fb1037718a	MIT/Apache-2.0
bitflags	2.13.1	registry+https://github.com/rust-lang/crates.io-index	b588b76d00fde79687d7646a9b5bdf3cc0f655e0bbd080335a95d7e96f3587da	MIT OR Apache-2.0
bitmaps	3.2.1	registry+https://github.com/rust-lang/crates.io-index	a1d084b0137aaa901caf9f1e8b21daa6aa24d41cd806e111335541eff9683bd6	MPL-2.0+
bitvec	1.1.1	registry+https://github.com/rust-lang/crates.io-index	ddcec3d12c579d40898fe0a9a358a803c23e9c52ca3c425707f81c9436211837	MIT
blake3	1.8.6	registry+https://github.com/rust-lang/crates.io-index	76ae7bad254120e9e4c63bafc385310756f90c484eac0e36b8317cf09cb92a77	CC0-1.0 OR Apache-2.0 OR Apache-2.0 WITH LLVM-exception
block-buffer	0.10.4	registry+https://github.com/rust-lang/crates.io-index	3078c7629b62d3f0439517fa394996acacc5cbc91c5a20d8c658e77abd503a71	MIT OR Apache-2.0
block-buffer	0.12.1	registry+https://github.com/rust-lang/crates.io-index	d2f6c7dbe95a6ed67ad9f18e57daf93a2f034c524b99fd2b76d18fdfeb6660aa	MIT OR Apache-2.0
block-buffer	0.9.0	registry+https://github.com/rust-lang/crates.io-index	4152116fd6e9dadb291ae18fc1ec3575ed6d84c29642d97890f4b4a3417297e4	MIT OR Apache-2.0
blst	0.3.17	registry+https://github.com/rust-lang/crates.io-index	c20659f9bbee16cbbd2f7393e40ab6309f5a98f76a2eb57a995ec508b72387fe	Apache-2.0
blstrs	0.7.1	registry+https://github.com/rust-lang/crates.io-index	7a8a8ed6fefbeef4a8c7b460e4110e12c5e22a5b7cf32621aae6ad650c4dcf29	MIT/Apache-2.0
borsh	1.8.0	registry+https://github.com/rust-lang/crates.io-index	a88b7ea17d208c4193f2c1e6de3c35fe71f98c96982d5ced308bdcc749ff6e1f	MIT OR Apache-2.0
borsh-derive	1.8.0	registry+https://github.com/rust-lang/crates.io-index	d8f347189c62a579b8cd5f80714efa178f52e461dc2e6d701d264f5ff22e566c	Apache-2.0
brotli	8.0.4	registry+https://github.com/rust-lang/crates.io-index	5cc91aac060a7a1e25823bdccbfb6af1875b88f17c6daac97894eed8207166b3	BSD-3-Clause AND MIT
brotli-decompressor	5.0.3	registry+https://github.com/rust-lang/crates.io-index	3a32acac15fe1967bc3986b2a6347dffc965602354ea6f450ad07e8bfd253583	BSD-3-Clause/MIT
bs58	0.5.1	registry+https://github.com/rust-lang/crates.io-index	bf88ba1141d185c399bee5288d850d63b8369520c1eafc32a0430b5b6c287bf4	MIT/Apache-2.0
bumpalo	3.20.3	registry+https://github.com/rust-lang/crates.io-index	72f5acc6cb2ba439de613abc23857ec3d78374d8ed5ac84e9d11336e87da8649	MIT OR Apache-2.0
bv	0.11.1	registry+https://github.com/rust-lang/crates.io-index	8834bb1d8ee5dc048ee3124f2c7c1afcc6bc9aed03f11e9dfd8c69470a5db340	MIT/Apache-2.0
byte-slice-cast	1.2.3	registry+https://github.com/rust-lang/crates.io-index	7575182f7272186991736b70173b0ea045398f984bf5ebbb3804736ce1330c9d	MIT
bytemuck	1.25.2	registry+https://github.com/rust-lang/crates.io-index	95832e849adfb21180ccb6826a99da14e5d266ae5c2e668e1602cf234f153797	Zlib OR Apache-2.0 OR MIT
bytemuck_derive	1.12.0	registry+https://github.com/rust-lang/crates.io-index	fc0e56a716f1e132ff6bf4bdac1c944a3fcdc1cae65f70a4a2a1ac3b401d2d1f	Zlib OR Apache-2.0 OR MIT
byteorder	1.5.0	registry+https://github.com/rust-lang/crates.io-index	1fd0f2584146f6f2ef48085050886acf353beff7305ebd1ae69500e27c67f64b	Unlicense OR MIT
bytes	1.12.1	registry+https://github.com/rust-lang/crates.io-index	fc652a48c352aef3ea3aed32080501cf3ef6ed5da78602a020c991775b0aff04	MIT
bzip2	0.6.1	registry+https://github.com/rust-lang/crates.io-index	f3a53fac24f34a81bc9954b5d6cfce0c21e18ec6959f44f56e8e90e4bb7c346c	MIT OR Apache-2.0
camino	1.2.5	registry+https://github.com/rust-lang/crates.io-index	bb1307f12aa967b5a58416e87b3653360e0fd614a016b6e970db08fecbb1b80d	MIT OR Apache-2.0
caps	0.5.6	registry+https://github.com/rust-lang/crates.io-index	fd1ddba47aba30b6a889298ad0109c3b8dcb0e8fc993b459daa7067d46f865e0	MIT/Apache-2.0
cargo-platform	0.3.3	registry+https://github.com/rust-lang/crates.io-index	dd0061da739915fae12ea00e16397555ed4371a6bb285431aab930f61b0aa4ba	MIT OR Apache-2.0
cargo_metadata	0.23.1	registry+https://github.com/rust-lang/crates.io-index	ef987d17b0a113becdd19d3d0022d04d7ef41f9efe4f3fb63ac44ba61df3ade9	MIT
cc	1.4.3	registry+https://github.com/rust-lang/crates.io-index	509591b7bcd67f4ef775afad7662703b4935daaa6ec0e5605cfb1090b32a2b6d	MIT OR Apache-2.0
cfg-if	1.0.4	registry+https://github.com/rust-lang/crates.io-index	9330f8b2ff13f34540b44e946ef35111825727b38d33286ef986142615121801	MIT OR Apache-2.0
cfg_aliases	0.2.2	registry+https://github.com/rust-lang/crates.io-index	f079e83a288787bcd14a6aea84cee5c87a67c5a3e660c30f557a3d24761b3527	MIT
cfg_eval	0.1.2	registry+https://github.com/rust-lang/crates.io-index	45565fc9416b9896014f5732ac776f810ee53a66730c17e4020c3ec064a8f88f	Zlib OR MIT OR Apache-2.0
chacha20	0.10.1	registry+https://github.com/rust-lang/crates.io-index	d524456ba66e72eb8b115ff89e01e497f8e6d11d78b70b1aa13c0fbd97540a81	MIT OR Apache-2.0
chrono	0.4.45	registry+https://github.com/rust-lang/crates.io-index	1aa79e62e7697b8e29b513a68abacf485adcd1fe8284a4316c5ae868e6633327	MIT OR Apache-2.0
chrono-humanize	0.2.3	registry+https://github.com/rust-lang/crates.io-index	799627e6b4d27827a814e837b9d8a504832086081806d45b1afa34dc982b023b	MIT/Apache-2.0
cipher	0.4.4	registry+https://github.com/rust-lang/crates.io-index	773f3b9af64447d2ce9850330c473515014aa235e6a783b02db81ff39e4a3dad	MIT OR Apache-2.0
clutch-accumulator	0.1.0	path+crates/clutch-accumulator	-	AGPL-3.0-or-later
clutch-batch	0.1.0	path+crates/clutch-batch	-	AGPL-3.0-or-later
clutch-batch-policy-identity	0.1.0	path+research/batch-policy-identity	-	AGPL-3.0-or-later
clutch-bspline	0.1.0	path+crates/clutch-bspline	-	AGPL-3.0-or-later
clutch-bspline-accumulator	0.1.0	path+crates/clutch-bspline-accumulator	-	AGPL-3.0-or-later
clutch-bspline-shape-compiler	0.1.0	path+research/bspline-shape-compiler	-	AGPL-3.0-or-later
clutch-claim-algebra-model	0.1.0	path+research/claim-algebra-model	-	AGPL-3.0-or-later
clutch-claim-neutral-resolution	0.1.0	path+research/claim-neutral-resolution	-	AGPL-3.0-or-later
clutch-failure-payout-v1	0.1.0	path+research/failure-payout-v1	-	AGPL-3.0-or-later
clutch-fractional-redemption	0.1.0	path+research/fractional-redemption	-	AGPL-3.0-or-later
clutch-invariant-campaign	0.1.0	path+tools/invariant-campaign	-	AGPL-3.0-or-later
clutch-kernel	0.1.0	path+crates/clutch-kernel	-	AGPL-3.0-or-later
clutch-liquidity-policy-model	0.1.0	path+research/liquidity-policy-model	-	AGPL-3.0-or-later
clutch-liveness	0.1.0	path+crates/clutch-liveness	-	AGPL-3.0-or-later
clutch-liveness-account-probe	0.1.0	path+research/liveness-policy-profile	-	AGPL-3.0-or-later
clutch-lp-mapping-probe	0.1.0	path+research/lp-mapping-probe	-	AGPL-3.0-or-later
clutch-resolution-work-v1	0.1.0	path+research/resolution-work-v1	-	AGPL-3.0-or-later
clutch-sbf	0.1.0	path+programs/clutch-sbf/program	-	AGPL-3.0-or-later
clutch-sbf-committed-harness	0.1.0	path+programs/clutch-sbf/committed-harness	-	AGPL-3.0-or-later
clutch-sbf-harness	0.1.0	path+programs/clutch-sbf/harness	-	AGPL-3.0-or-later
clutch-sbf-svm-tests	0.1.0	path+programs/clutch-sbf/svm-tests	-	AGPL-3.0-or-later
clutch-solana-layout	0.1.0	path+programs/solana-layout	-	AGPL-3.0-or-later
clutch-solana-reference	0.1.0	path+programs/solana-reference	-	AGPL-3.0-or-later
clutch-source-profile-v1	0.1.0	path+research/source-profile-v1	-	AGPL-3.0-or-later
clutch-terminal-economics-r4	0.1.0	path+research/terminal-economics-r4	-	AGPL-3.0-or-later
clutch-terminal-lifecycle-v2	0.1.0	path+research/terminal-lifecycle-v2	-	AGPL-3.0-or-later
clutch-token2022-probe	0.1.0	path+toolchain/probes/token2022	-	AGPL-3.0-or-later
clutch-vector-check	0.1.0	path+tools/vector-check	-	AGPL-3.0-or-later
clutch-vertical-model	0.1.0	path+research/vertical-model	-	AGPL-3.0-or-later
cmov	0.5.4	registry+https://github.com/rust-lang/crates.io-index	0c9ea0ac24bc397ab3c98583a3c9ba74fa56b09a4449bbe172b9b1ddb016027a	Apache-2.0 OR MIT
colorchoice	1.0.5	registry+https://github.com/rust-lang/crates.io-index	1d07550c9036bf2ae0c684c4297d503f838287c83c53686d05370d0e139ae570	MIT OR Apache-2.0
combine	3.8.1	registry+https://github.com/rust-lang/crates.io-index	da3da6baa321ec19e1cc41d31bf599f00c783d0517095cdaf0332e3fe8d20680	MIT
combine	4.6.7	registry+https://github.com/rust-lang/crates.io-index	ba5a308b75df32fe02788e748662718f03fde005016435c444eea572398219fd	MIT
compression-codecs	0.4.38	registry+https://github.com/rust-lang/crates.io-index	ce2548391e9c1929c21bf6aa2680af86fe4c1b33e6cea9ac1cfeec0bd11218cf	MIT OR Apache-2.0
compression-core	0.4.32	registry+https://github.com/rust-lang/crates.io-index	cc14f565cf027a105f7a44ccf9e5b424348421a1d8952a8fc9d499d313107789	MIT OR Apache-2.0
const-oid	0.9.6	registry+https://github.com/rust-lang/crates.io-index	c2459377285ad874054d797f3ccebf984978aa39129f6eafde5cdc8315b612f8	Apache-2.0 OR MIT
constant_time_eq	0.4.2	registry+https://github.com/rust-lang/crates.io-index	3d52eff69cd5e647efe296129160853a42795992097e8af39800e1060caeea9b	CC0-1.0 OR MIT-0 OR Apache-2.0
core-foundation	0.10.1	registry+https://github.com/rust-lang/crates.io-index	b2a6cd9ae233e7f62ba4e9353e81a88df7fc8a5987b8d445b4d90c879bd156f6	MIT OR Apache-2.0
core-foundation-sys	0.8.7	registry+https://github.com/rust-lang/crates.io-index	773648b94d0e5d620f64f280777445740e61fe701025087ec8b57f45c791888b	MIT OR Apache-2.0
cpufeatures	0.2.17	registry+https://github.com/rust-lang/crates.io-index	59ed5838eebb26a2bb2e58f6d5b5316989ae9d08bab10e0e6d103e656d1b0280	MIT OR Apache-2.0
cpufeatures	0.3.0	registry+https://github.com/rust-lang/crates.io-index	8b2a41393f66f16b0823bb79094d54ac5fbd34ab292ddafb9a0456ac9f87d201	MIT OR Apache-2.0
crc32fast	1.5.0	registry+https://github.com/rust-lang/crates.io-index	9481c1c90cbf2ac953f07c8d4a58aa3945c425b7185c9154d67a65e4230da511	MIT OR Apache-2.0
crossbeam-channel	0.5.16	registry+https://github.com/rust-lang/crates.io-index	d85363c37faeca707aef026efa9f3b34d077bce547e48f770770625c6013679e	MIT OR Apache-2.0
crossbeam-deque	0.8.7	registry+https://github.com/rust-lang/crates.io-index	5181e0de7b61eb03a81e347d6dd8797bae9da5146707b51077e2d71a54ec0ceb	MIT OR Apache-2.0
crossbeam-epoch	0.9.20	registry+https://github.com/rust-lang/crates.io-index	2d6914041f254d6e9176c01941b21115dcfb7089e55135a35411081bd106ef3f	MIT OR Apache-2.0
crossbeam-queue	0.3.13	registry+https://github.com/rust-lang/crates.io-index	803d13fb3b09d88be9f4dbc29062c66b19bf7170867ceb746d2a8689bf6c7a26	MIT OR Apache-2.0
crossbeam-utils	0.8.22	registry+https://github.com/rust-lang/crates.io-index	61803da095bee82a81bb1a452ecc25d3b2f1416d1897eb86430c6159ef717c17	MIT OR Apache-2.0
crunchy	0.2.4	registry+https://github.com/rust-lang/crates.io-index	460fbee9c2c2f33933d720630a6a0bac33ba7053db5344fac858d4b8952d77d5	MIT
crypto-bigint	0.5.5	registry+https://github.com/rust-lang/crates.io-index	0dc92fb57ca44df6db8059111ab3af99a63d5d0f8375d9972e319a379c6bab76	Apache-2.0 OR MIT
crypto-common	0.1.7	registry+https://github.com/rust-lang/crates.io-index	78c8292055d1c1df0cce5d180393dc8cce0abec0a7102adb6c7b1eef6016d60a	MIT OR Apache-2.0
crypto-common	0.2.2	registry+https://github.com/rust-lang/crates.io-index	ce6e4c961d6cd6c9a86db418387425e8bdeaf05b3c8bc1411e6dca4c252f1453	MIT OR Apache-2.0
crypto-mac	0.8.0	registry+https://github.com/rust-lang/crates.io-index	b584a330336237c1eecd3e94266efb216c56ed91225d634cb2991c5f3fd1aeab	MIT OR Apache-2.0
ctr	0.9.2	registry+https://github.com/rust-lang/crates.io-index	0369ee1ad671834580515889b80f2ea915f23b8be8d0daa4bbaf2ac5c7590835	MIT OR Apache-2.0
ctutils	0.4.2	registry+https://github.com/rust-lang/crates.io-index	7d5515a3834141de9eafb9717ad39eea8247b5674e6066c404e8c4b365d2a29e	Apache-2.0 OR MIT
curve25519-dalek	3.2.0	registry+https://github.com/rust-lang/crates.io-index	0b9fdf9972b2bd6af2d913799d9ebc165ea4d2e65878e329d9c6b372c4491b61	BSD-3-Clause
curve25519-dalek	4.1.3	registry+https://github.com/rust-lang/crates.io-index	97fb8b7c4503de7d6ae7b42ab72a5a59857b4c937ec27a3d4539dba95b5ab2be	BSD-3-Clause
curve25519-dalek-derive	0.1.1	registry+https://github.com/rust-lang/crates.io-index	f46882e17999c6cc590af592290432be3bce0428cb0d5f8b6715e4dc7b383eb3	MIT/Apache-2.0
darling	0.23.0	registry+https://github.com/rust-lang/crates.io-index	25ae13da2f202d56bd7f91c25fba009e7717a1e4a1cc98a76d844b65ae912e9d	MIT
darling_core	0.23.0	registry+https://github.com/rust-lang/crates.io-index	9865a50f7c335f53564bb694ef660825eb8610e0a53d3e11bf1b0d3df31e03b0	MIT
darling_macro	0.23.0	registry+https://github.com/rust-lang/crates.io-index	ac3984ec7bd6cfa798e62b4a642426a5be0e68f9401cfc2a01e3fa9ea2fcdb8d	MIT
dashmap	5.5.3	registry+https://github.com/rust-lang/crates.io-index	978747c1d849a7d2ee5e8adc0159961c48fb7e5db2f06af6723b80123bb53856	MIT
data-encoding	2.11.1	registry+https://github.com/rust-lang/crates.io-index	4583a4551df46e2792f82ceeac45e850d2e2d5debba0b91f102385cda5b11f06	MIT
defmt	1.1.1	registry+https://github.com/rust-lang/crates.io-index	e2953bfe4f93bbd20cc71198842756f77d161884c99ebbabc41d80231ded88d1	MIT OR Apache-2.0
defmt-macros	1.1.1	registry+https://github.com/rust-lang/crates.io-index	bad9c72e7ca2137e0dc3813245a0d282fd6daad32fd800af018306a9169b5fe8	MIT OR Apache-2.0
defmt-parser	1.0.0	registry+https://github.com/rust-lang/crates.io-index	10d60334b3b2e7c9d91ef8150abfb6fa4c1c39ebbcf4a81c2e346aad939fee3e	MIT OR Apache-2.0
der	0.7.10	registry+https://github.com/rust-lang/crates.io-index	e7c1832837b905bbfb5101e07cc24c8deddf52f93225eee6ead5f4d63d53ddcb	Apache-2.0 OR MIT
der-parser	10.0.0	registry+https://github.com/rust-lang/crates.io-index	07da5016415d5a3c4dd39b11ed26f915f52fc4e0dc197d87908bc916e51bc1a6	MIT OR Apache-2.0
deranged	0.5.8	registry+https://github.com/rust-lang/crates.io-index	7cd812cc2bc1d69d4764bd80df88b4317eaef9e773c75226407d9bc0876b211c	MIT OR Apache-2.0
derivation-path	0.2.0	registry+https://github.com/rust-lang/crates.io-index	6e5c37193a1db1d8ed868c03ec7b152175f26160a5b740e5e484143877e0adf0	MIT OR Apache-2.0
derivative	2.2.0	registry+https://github.com/rust-lang/crates.io-index	fcc3dd5e9e9c0b295d6e1e4d811fb6f157d5ffd784b8d202fc62eac8035a770b	MIT/Apache-2.0
digest	0.10.7	registry+https://github.com/rust-lang/crates.io-index	9ed9a281f7bc9b7576e61468ba615a66a5c8cfdff42420a70aa82701a3b1e292	MIT OR Apache-2.0
digest	0.11.3	registry+https://github.com/rust-lang/crates.io-index	f1dd6dbb5841937940781866fa1281a1ff7bd3bf827091440879f9994983d5c2	MIT OR Apache-2.0
digest	0.9.0	registry+https://github.com/rust-lang/crates.io-index	d3dd60d1080a57a05ab032377049e0591415d2b31afd7028356dbf3cc6dcb066	MIT OR Apache-2.0
displaydoc	0.2.7	registry+https://github.com/rust-lang/crates.io-index	c6232dd377dcc64799954cbd3a9bb882e9cdc1308ccd87b1c098f1fb2eaf82a8	MIT OR Apache-2.0
downcast	0.11.0	registry+https://github.com/rust-lang/crates.io-index	1435fa1053d8b2fbbe9be7e97eca7f33d37b28409959813daefc1446a14247f1	MIT
dragon-clutch-toolchain-probe	0.0.0	path+toolchain/probes/no_std_core	-	AGPL-3.0-or-later
dragon-clutch-toolchain-probe-host	0.0.0	path+toolchain/probes/host_harness	-	AGPL-3.0-or-later
dragons-clutch-static-client	0.1.0	path+apps/static-client	-	AGPL-3.0-or-later
eager	0.1.0	registry+https://github.com/rust-lang/crates.io-index	abe71d579d1812060163dff96056261deb5bf6729b100fa2e36a68b9649ba3d3	MIT
ecdsa	0.16.9	registry+https://github.com/rust-lang/crates.io-index	ee27f32b5c5292967d2d4a9d7f1e0b0aed2c15daded5a60300e4abb9d8020bca	Apache-2.0 OR MIT
ed25519	1.5.3	registry+https://github.com/rust-lang/crates.io-index	91cff35c70bba8a626e3185d8cd48cc11b5437e1a5bcd15b9b5fa3c64b6dfee7	Apache-2.0 OR MIT
ed25519	2.2.3	registry+https://github.com/rust-lang/crates.io-index	115531babc129696a58c64a4fef0a8bf9e9698629fb97e9e40767d235cfbcd53	Apache-2.0 OR MIT
ed25519-dalek	1.0.1	registry+https://github.com/rust-lang/crates.io-index	c762bae6dcaf24c4c84667b8579785430908723d5c889f469d76a41d59cc7a9d	BSD-3-Clause
ed25519-dalek	2.2.0	registry+https://github.com/rust-lang/crates.io-index	70e796c081cee67dc755e1a36a0a172b897fab85fc3f6bc48307991f64e4eca9	BSD-3-Clause
ed25519-dalek-bip32	0.3.0	registry+https://github.com/rust-lang/crates.io-index	6b49a684b133c4980d7ee783936af771516011c8cd15f429dbda77245e282f03	MIT OR Apache-2.0
educe	0.4.23	registry+https://github.com/rust-lang/crates.io-index	0f0042ff8246a363dbe77d2ceedb073339e85a804b9a47636c6e016a9a32c05f	MIT
educe	0.6.0	registry+https://github.com/rust-lang/crates.io-index	1d7bc049e1bd8cdeb31b68bbd586a9464ecf9f3944af3958a7a9d0f8b9799417	MIT
either	1.17.0	registry+https://github.com/rust-lang/crates.io-index	9e5e8f6c15a24b9a3ee5efec809ccd006d3b30e8b3bb63c39af737c7f87daa1d	MIT OR Apache-2.0
elliptic-curve	0.13.8	registry+https://github.com/rust-lang/crates.io-index	b5e6043086bf7973472e0c7dff2142ea0b680d30e18d9cc40f267efbf222bd47	Apache-2.0 OR MIT
enum-iterator	2.3.0	registry+https://github.com/rust-lang/crates.io-index	a4549325971814bda7a44061bf3fe7e487d447cba01e4220a4b454d630d7a016	0BSD
enum-iterator-derive	1.5.0	registry+https://github.com/rust-lang/crates.io-index	685adfa4d6f3d765a26bc5dbc936577de9abf756c1feeb3089b01dd395034842	0BSD
enum-ordinalize	3.1.15	registry+https://github.com/rust-lang/crates.io-index	1bf1fa3f06bbff1ea5b1a9c7b14aa992a39657db60a2759457328d7e058f49ee	MIT
enum-ordinalize	4.4.2	registry+https://github.com/rust-lang/crates.io-index	89dd01549b09589510cf0647475075d12071456586d70f5c75c98ae2a5537677	MIT
enum-ordinalize-derive	4.4.2	registry+https://github.com/rust-lang/crates.io-index	a65863d15a4ce2888bd2f0f543cc963d3879c3a022c8ee43f6141d479a3ac815	MIT
env_filter	2.0.0	registry+https://github.com/rust-lang/crates.io-index	900d271a03799a1ee8d1ca9b19893b48ca674a9284fefcfb85f05e74ed314217	MIT OR Apache-2.0
env_logger	0.11.11	registry+https://github.com/rust-lang/crates.io-index	de671bd27a75a797dc9ae289ba1e77276e75e2026408aab65185384e2d5cd3f6	MIT OR Apache-2.0
equivalent	1.0.2	registry+https://github.com/rust-lang/crates.io-index	877a4ace8713b0bcf2a4e7eec82529c029f1d0619886d18145fea96c3ffe5c0f	Apache-2.0 OR MIT
errno	0.3.14	registry+https://github.com/rust-lang/crates.io-index	39cab71617ae0d63f51a36d69f866391735b51691dbda63cf6f96d042b63efeb	MIT OR Apache-2.0
fast-math	0.1.1	registry+https://github.com/rust-lang/crates.io-index	2465292146cdfc2011350fe3b1c616ac83cf0faeedb33463ba1c332ed8948d66	MIT/Apache-2.0
fastbloom	0.17.0	registry+https://github.com/rust-lang/crates.io-index	ef975e30683b2d965054bb0a836f8973857c4ebf6acf274fe46617cd285060d8	MIT OR Apache-2.0
fastrand	2.5.0	registry+https://github.com/rust-lang/crates.io-index	da7c62ceae207dd37ea5b845da6a0696c799f85e97da1ab5b7910be3c1c80223	Apache-2.0 OR MIT
feature-probe	0.1.1	registry+https://github.com/rust-lang/crates.io-index	835a3dc7d1ec9e75e2b5fb4ba75396837112d2060b03f7d43bc1897c7f7211da	MIT/Apache-2.0
ff	0.13.1	registry+https://github.com/rust-lang/crates.io-index	c0b50bfb653653f9ca9095b427bed08ab8d75a137839d9ad64eb11810d5b6393	MIT/Apache-2.0
fiat-crypto	0.2.9	registry+https://github.com/rust-lang/crates.io-index	28dea519a9695b9977216879a3ebfddf92f1c08c05d984f8996aecd6ecdc811d	MIT OR Apache-2.0 OR BSD-1-Clause
filetime	0.2.29	registry+https://github.com/rust-lang/crates.io-index	5c287a33c7f0a620c38e641e7f60827713987b3c0f26e8ddc9462cc69cf75759	MIT/Apache-2.0
find-msvc-tools	0.1.11	registry+https://github.com/rust-lang/crates.io-index	d45db016d36b838f563236e9193d0ee6ce38f3f68b6c94e914b4929c96bbb890	MIT OR Apache-2.0
five8	1.0.0	registry+https://github.com/rust-lang/crates.io-index	23f76610e969fa1784327ded240f1e28a3fd9520c9cec93b636fcf62dd37f772	MIT
five8_const	1.0.0	registry+https://github.com/rust-lang/crates.io-index	1a0f1728185f277989ca573a402716ae0beaaea3f76a8ff87ef9dd8fb19436c5	MIT
five8_core	1.0.0	registry+https://github.com/rust-lang/crates.io-index	059c31d7d36c43fe39d89e55711858b4da8be7eb6dabac23c7289b1a19489406	MIT
flate2	1.1.9	registry+https://github.com/rust-lang/crates.io-index	843fba2746e448b37e26a819579957415c8cef339bf08564fe8b7ddbd959573c	MIT OR Apache-2.0
fnv	1.0.7	registry+https://github.com/rust-lang/crates.io-index	3f9eec918d3f24069decb9af1554cad7c880e2da24a9afd88aca000531ab82c1	Apache-2.0 / MIT
foldhash	0.2.0	registry+https://github.com/rust-lang/crates.io-index	77ce24cb58228fbb8aa041425bb1050850ac19177686ea6e0f41a70416f56fdb	Zlib
foreign-types	0.3.2	registry+https://github.com/rust-lang/crates.io-index	f6f339eb8adc052cd2ca78910fda869aefa38d22d5cb648e6485e4d3fc06f3b1	MIT/Apache-2.0
foreign-types-shared	0.1.1	registry+https://github.com/rust-lang/crates.io-index	00b0228411908ca8685dba7fc2cdd70ec9990a6e753e89b6ac91a84c40fbaf4b	MIT/Apache-2.0
form_urlencoded	1.2.2	registry+https://github.com/rust-lang/crates.io-index	cb4cb245038516f5f85277875cdaa4f7d2c9a0fa0468de06ed190163b1581fcf	MIT OR Apache-2.0
fragile	2.1.0	registry+https://github.com/rust-lang/crates.io-index	8878864ba14bb86e818a412bfd6f18f9eabd4ec0f008a28e8f7eb61db532fcf9	Apache-2.0
funty	2.0.0	registry+https://github.com/rust-lang/crates.io-index	e6d5a32815ae3f33302d95fdcb2ce17862f8c65363dcfd29360480ba1001fc9c	MIT
futures	0.3.34	registry+https://github.com/rust-lang/crates.io-index	9a31d2a3fbaaeb2af2368bbdd904aa8e812d3c04a1ee10d3171f52d556e5d0a3	MIT OR Apache-2.0
futures-channel	0.3.34	registry+https://github.com/rust-lang/crates.io-index	b1f9e3d69d39e4862ffed03ed071a76f9a13ba1d9109d355b0f0aa6b15e393c4	MIT OR Apache-2.0
futures-core	0.3.34	registry+https://github.com/rust-lang/crates.io-index	92d699e522242e69e3003b94ecc1f960f3a5e015aa7c5d7486e65ad01dd94f5e	MIT OR Apache-2.0
futures-executor	0.3.34	registry+https://github.com/rust-lang/crates.io-index	031b47cf1a3c6cc8bc2fc76cd437f521619387907d469316e7c0bc278f1f5432	MIT OR Apache-2.0
futures-io	0.3.34	registry+https://github.com/rust-lang/crates.io-index	53c0fa8157de1303bfffdaa1cc2a673bfffb60102f76b0ef4441659124373fed	MIT OR Apache-2.0
futures-macro	0.3.34	registry+https://github.com/rust-lang/crates.io-index	9fb9654ba8355388abeb8dcb4fc62f511300867002afc858860463bdd9fe0c44	MIT OR Apache-2.0
futures-sink	0.3.34	registry+https://github.com/rust-lang/crates.io-index	1944426bf7d03f1d14f708785e4b33efd750b36d48a157b836b3efc15ede8e1d	MIT OR Apache-2.0
futures-task	0.3.34	registry+https://github.com/rust-lang/crates.io-index	cd417de3d1d015fc3bfd2b1ea46dfc7bab72ef86f1cc7cc9c78e728b34a6d1fd	MIT OR Apache-2.0
futures-util	0.3.34	registry+https://github.com/rust-lang/crates.io-index	0d50a92467f8ba5dd6e3ee5d4bd04d73ab2e4e1c44474a0674821dfce14b79bc	MIT OR Apache-2.0
generic-array	0.14.7	registry+https://github.com/rust-lang/crates.io-index	85649ca51fd72272d7821adaf274ad91c288277713d9c18820d8499a7ff69e9a	MIT
gethostname	1.1.0	registry+https://github.com/rust-lang/crates.io-index	1bd49230192a3797a9a4d6abe9b3eed6f7fa4c8a8a4947977c6f80025f92cbd8	Apache-2.0
getrandom	0.1.16	registry+https://github.com/rust-lang/crates.io-index	8fc3cb4d91f53b50155bdcfd23f6a4c39ae1969c2ae85982b135750cccaf5fce	MIT OR Apache-2.0
getrandom	0.2.17	registry+https://github.com/rust-lang/crates.io-index	ff2abc00be7fca6ebc474524697ae276ad847ad0a6b3faa4bcb027e9a4614ad0	MIT OR Apache-2.0
getrandom	0.3.4	registry+https://github.com/rust-lang/crates.io-index	899def5c37c4fd7b2664648c28120ecec138e4d395b459e5ca34f9cce2dd77fd	MIT OR Apache-2.0
getrandom	0.4.3	registry+https://github.com/rust-lang/crates.io-index	300e883d756b2e4ec94e02791f39b04b522276138852cfc41d9fb7e904106099	MIT OR Apache-2.0
glob	0.3.4	registry+https://github.com/rust-lang/crates.io-index	e4eba85ea1d0a966a983acd07deee566e67395d2d96b6fb39e62b5a833f1eb0b	MIT OR Apache-2.0
group	0.13.0	registry+https://github.com/rust-lang/crates.io-index	f0f9ef7462f7c099f518d754361858f86d8a07af53ba9af0fe635bbccb151a63	MIT/Apache-2.0
hash32	0.3.1	registry+https://github.com/rust-lang/crates.io-index	47d60b12902ba28e2730cd37e95b8c9223af2808df9e902d4df49588d1470606	MIT OR Apache-2.0
hashbrown	0.13.2	registry+https://github.com/rust-lang/crates.io-index	43a3c133739dddd0d2990f9a4bdf8eb4b21ef50e4851ca85ab661199821d510e	MIT OR Apache-2.0
hashbrown	0.14.5	registry+https://github.com/rust-lang/crates.io-index	e5274423e17b7c9fc20b6e7e208532f9b19825d82dfd615708b70edd83df41f1	MIT OR Apache-2.0
hashbrown	0.15.5	registry+https://github.com/rust-lang/crates.io-index	9229cfe53dfd69f0609a49f65461bd93001ea1ef889cd5529dd176593f5338a1	MIT OR Apache-2.0
hashbrown	0.17.1	registry+https://github.com/rust-lang/crates.io-index	ed5909b6e89a2db4456e54cd5f673791d7eca6732202bbf2a9cc504fe2f9b84a	MIT OR Apache-2.0
heck	0.5.0	registry+https://github.com/rust-lang/crates.io-index	2304e00983f87ffb38b55b444b5e3b60a884b5d30c0fca7d82fe33449bbe55ea	MIT OR Apache-2.0
hermit-abi	0.5.2	registry+https://github.com/rust-lang/crates.io-index	fc0fef456e4baa96da950455cd02c081ca953b141298e41db3fc7e36b1da849c	MIT OR Apache-2.0
histogram	0.6.9	registry+https://github.com/rust-lang/crates.io-index	12cb882ccb290b8646e554b157ab0b71e64e8d5bef775cd66b6531e52d302669	MIT/Apache-2.0
hmac	0.12.1	registry+https://github.com/rust-lang/crates.io-index	6c49c37c09c17a53d937dfbb742eb3a961d65a994e6bcdcf37e7399d0cc8ab5e	MIT OR Apache-2.0
hmac	0.8.1	registry+https://github.com/rust-lang/crates.io-index	126888268dcc288495a26bf004b38c5fdbb31682f992c84ceb046a1f0fe38840	MIT OR Apache-2.0
hmac-drbg	0.3.0	registry+https://github.com/rust-lang/crates.io-index	17ea0a1394df5b6574da6e0c1ade9e78868c9fb0a4e5ef4428e32da4676b85b1	Apache-2.0
http	1.5.0	registry+https://github.com/rust-lang/crates.io-index	918d3568bebf352712bc2ef3d46a8bcf1a75b373be6539de198e9105cbbf9ce0	MIT OR Apache-2.0
http-body	1.1.0	registry+https://github.com/rust-lang/crates.io-index	ca2a8f2913ee65f60facd6a5905613afaa448497a0230cc41ce022d93290bc2c	MIT
http-body-util	0.1.5	registry+https://github.com/rust-lang/crates.io-index	23169fe34a5fbcdd3f3862e78fb9b6fccd5f02a6dc6f732547005d45631ce71c	MIT
httparse	1.10.1	registry+https://github.com/rust-lang/crates.io-index	6dbf3de79e51f3d586ab4cb9d5c3e2c14aa28ed23d180cf89b4df0454a69cc87	MIT OR Apache-2.0
humantime	2.4.0	registry+https://github.com/rust-lang/crates.io-index	15cdd26707701c53297e2fa6afb323d55fbc1d0810c3aec078ae3ef0424c3c15	MIT OR Apache-2.0
hybrid-array	0.4.14	registry+https://github.com/rust-lang/crates.io-index	707114b52a152fa7bdb290cd7cd5912d9467273b6d74e21b8d81aca1f8533f6b	MIT OR Apache-2.0
hyper	1.11.0	registry+https://github.com/rust-lang/crates.io-index	d22053281f852e11534f5198498373cbb59295120a20771d90f7ed1897490a72	MIT
hyper-rustls	0.27.9	registry+https://github.com/rust-lang/crates.io-index	33ca68d021ef39cf6463ab54c1d0f5daf03377b70561305bb89a8f83aab66e0f	Apache-2.0 OR ISC OR MIT
hyper-util	0.1.20	registry+https://github.com/rust-lang/crates.io-index	96547c2556ec9d12fb1578c4eaf448b04993e7fb79cbaad930a656880a6bdfa0	MIT
iana-time-zone	0.1.65	registry+https://github.com/rust-lang/crates.io-index	e31bc9ad994ba00e440a8aa5c9ef0ec67d5cb5e5cb0cc7f8b744a35b389cc470	MIT OR Apache-2.0
iana-time-zone-haiku	0.1.2	registry+https://github.com/rust-lang/crates.io-index	f31827a206f56af32e590ba56d5d2d085f558508192593743f16b2306495269f	MIT OR Apache-2.0
icu_collections	2.3.0	registry+https://github.com/rust-lang/crates.io-index	fa68d21081c4a05d5a901a1c62add574c77048b6a1c67be3b50ce0b60d4ca513	Unicode-3.0
icu_locale_core	2.3.0	registry+https://github.com/rust-lang/crates.io-index	d56e28588da92eee5c3201a6eff33fabdd49b62269c8938d4ff050ce4d900deb	Unicode-3.0
icu_normalizer	2.3.0	registry+https://github.com/rust-lang/crates.io-index	12f9cf5f235641ed274641dd81c3f28d870e276763d0797aeeab72317b1c646f	Unicode-3.0
icu_normalizer_data	2.3.0	registry+https://github.com/rust-lang/crates.io-index	1563da1ed3e0b3bf3d74c9b85917ac9c56464d2f57242270c09c9e752f8021a0	Unicode-3.0
icu_properties	2.3.0	registry+https://github.com/rust-lang/crates.io-index	7e7ca276ad3145661a65914e6daf131ca5120cd3dcee8f8f3214b8875184a148	Unicode-3.0
icu_properties_data	2.3.0	registry+https://github.com/rust-lang/crates.io-index	e590f038c1464a96894fd6d10127e90a8be4509f56ff7ecef851b15cee0b7caa	Unicode-3.0
icu_provider	2.3.0	registry+https://github.com/rust-lang/crates.io-index	92a7ed671a6aad807a8651a2e1782a6598fda9ce5185dd8158549e95a91c6428	Unicode-3.0
ident_case	1.0.1	registry+https://github.com/rust-lang/crates.io-index	b9e0384b61958566e926dc50660321d12159025e767c18e043daf26b70104c39	MIT/Apache-2.0
idna	1.1.0	registry+https://github.com/rust-lang/crates.io-index	3b0875f23caa03898994f6ddc501886a45c7d3d62d04d2d90788d47be1b1e4de	MIT OR Apache-2.0
idna_adapter	1.2.2	registry+https://github.com/rust-lang/crates.io-index	cb68373c0d6620ef8105e855e7745e18b0d00d3bdb07fb532e434244cdb9a714	Apache-2.0 OR MIT
ieee754	0.2.6	registry+https://github.com/rust-lang/crates.io-index	9007da9cacbd3e6343da136e98b0d2df013f553d35bdec8b518f07bea768e19c	MIT/Apache-2.0
imbl	7.0.1	registry+https://github.com/rust-lang/crates.io-index	43ea8d4c37ee560727e824d62804183624d371e632019b0e9e3532bce64a33e5	MPL-2.0+
imbl-sized-chunks	0.1.3	registry+https://github.com/rust-lang/crates.io-index	8f4241005618a62f8d57b2febd02510fb96e0137304728543dfc5fd6f052c22d	MPL-2.0+
include_dir	0.7.4	registry+https://github.com/rust-lang/crates.io-index	923d117408f1e49d914f1a379a309cffe4f18c05cf4e3d12e613a15fc81bd0dd	MIT
include_dir_macros	0.7.4	registry+https://github.com/rust-lang/crates.io-index	7cab85a7ed0bd5f0e76d93846e0147172bed2e2d3f859bcc33a8d9699cad1a75	MIT
indexmap	2.14.0	registry+https://github.com/rust-lang/crates.io-index	d466e9454f08e4a911e14806c24e16fba1b4c121d1ea474396f396069cf949d9	Apache-2.0 OR MIT
inout	0.1.4	registry+https://github.com/rust-lang/crates.io-index	879f10e63c20629ecabbb64a8010319738c66a5cd0c29b02d63d272b03751d01	MIT OR Apache-2.0
io-uring	0.7.14	registry+https://github.com/rust-lang/crates.io-index	d64d8ca234d152948ceaede1f419b6a83983a5ecccaac05fb337a809c96d3aa6	MIT OR Apache-2.0
ipnet	2.12.1	registry+https://github.com/rust-lang/crates.io-index	6a756c3fac73139e83f14c2d742155dd2b78d3ee56597b419a0579b7bdd6dd78	MIT OR Apache-2.0
is_terminal_polyfill	1.70.2	registry+https://github.com/rust-lang/crates.io-index	a6cb138bb79a146c1bd460005623e142ef0181e3d0219cb493e02f7d08a35695	MIT OR Apache-2.0
itertools	0.10.5	registry+https://github.com/rust-lang/crates.io-index	b0fd2260e829bddf4cb6ea802289de2f86d6a7a690192fbe91b3f46e0f2c8473	MIT/Apache-2.0
itertools	0.13.0	registry+https://github.com/rust-lang/crates.io-index	413ee7dfc52ee1a4949ceeb7dbc8a33f2d6c088194d9f922fb8318faf1f01186	MIT OR Apache-2.0
itertools	0.14.0	registry+https://github.com/rust-lang/crates.io-index	2b192c782037fadd9cfa75548310488aabdbf3d2da73885b31bd0abd03351285	MIT OR Apache-2.0
itoa	1.0.18	registry+https://github.com/rust-lang/crates.io-index	8f42a60cbdf9a97f5d2305f08a87dc4e09308d1276d28c869c684d7777685682	MIT OR Apache-2.0
jiff	0.2.35	registry+https://github.com/rust-lang/crates.io-index	668b7183bd07af9a4885f5c35b0cc5c83c4607a913c16b7e17291832910d2dcc	Unlicense OR MIT
jiff-core	0.1.0	registry+https://github.com/rust-lang/crates.io-index	7feca88439efe53da3754500c1851dedf3cb36c524dd5cf8225cc0794de95d09	Unlicense OR MIT
jiff-static	0.2.35	registry+https://github.com/rust-lang/crates.io-index	3a69dcb3a21cfb32ce1cd056169337ca284af0766dd766e7878819b251a49204	Unlicense OR MIT
jni	0.22.4	registry+https://github.com/rust-lang/crates.io-index	5efd9a482cf3a427f00d6b35f14332adc7902ce91efb778580e180ff90fa3498	MIT OR Apache-2.0
jni-macros	0.22.4	registry+https://github.com/rust-lang/crates.io-index	a00109accc170f0bdb141fed3e393c565b6f5e072365c3bd58f5b062591560a3	MIT OR Apache-2.0
jni-sys	0.4.1	registry+https://github.com/rust-lang/crates.io-index	c6377a88cb3910bee9b0fa88d4f42e1d2da8e79915598f65fb0c7ee14c878af2	MIT OR Apache-2.0
jni-sys-macros	0.4.1	registry+https://github.com/rust-lang/crates.io-index	38c0b942f458fe50cdac086d2f946512305e5631e720728f2a61aabcd47a6264	MIT OR Apache-2.0
jobserver	0.1.35	registry+https://github.com/rust-lang/crates.io-index	1c00acbd29eabad4a2392fa0e921c874934dbbf4194312ad20f04a0ed67a3cb3	MIT OR Apache-2.0
js-sys	0.3.104	registry+https://github.com/rust-lang/crates.io-index	0e0c1080212aad755ea003d18543e8768dd432c48819efd73a7bf1e39b7a5a3a	MIT OR Apache-2.0
jsonrpc-core	18.0.0	registry+https://github.com/rust-lang/crates.io-index	14f7f76aef2d054868398427f6c54943cf3d1caa9a7ec7d0c38d69df97a965eb	MIT
k256	0.13.4	registry+https://github.com/rust-lang/crates.io-index	f6e3919bbaa2945715f0bb6d3934a173d1e9a59ac23767fbaaef277265a7411b	Apache-2.0 OR MIT
keccak	0.1.6	registry+https://github.com/rust-lang/crates.io-index	cb26cec98cce3a3d96cbb7bced3c4b16e3d13f27ec56dbd62cbc8f39cfb9d653	Apache-2.0 OR MIT
lazy_static	1.5.0	registry+https://github.com/rust-lang/crates.io-index	bbd2bcb4c963f2ddae06a2efc7e9f3591312473c50c6685e1f298068316e66fe	MIT OR Apache-2.0
libbz2-rs-sys	0.2.5	registry+https://github.com/rust-lang/crates.io-index	34b357333733e8260735ba5894eb928c02ecc69c78715f01a8019e7fa7f2db4c	bzip2-1.0.6
libc	0.2.189	registry+https://github.com/rust-lang/crates.io-index	3eaf3ede3fee6db1a4c2ee091bf8a8b4dccdc6d17f656fb07896ee72867612f2	MIT OR Apache-2.0
libm	0.2.16	registry+https://github.com/rust-lang/crates.io-index	b6d2cec3eae94f9f509c767b45932f1ada8350c4bdb85af2fcab4a3c14807981	MIT
libsecp256k1	0.7.2	registry+https://github.com/rust-lang/crates.io-index	e79019718125edc905a079a70cfa5f3820bc76139fc91d6f9abc27ea2a887139	Apache-2.0
libsecp256k1-core	0.3.0	registry+https://github.com/rust-lang/crates.io-index	5be9b9bb642d8522a44d533eab56c16c738301965504753b03ad1de3425d5451	Apache-2.0
libsecp256k1-gen-ecmult	0.3.0	registry+https://github.com/rust-lang/crates.io-index	3038c808c55c87e8a172643a7d87187fc6c4174468159cb3090659d55bcb4809	Apache-2.0
libsecp256k1-gen-genmult	0.3.0	registry+https://github.com/rust-lang/crates.io-index	3db8d6ba2cec9eacc40e6e8ccc98931840301f1006e95647ceb2dd5c3aa06f7c	Apache-2.0
light-poseidon	0.2.0	registry+https://github.com/rust-lang/crates.io-index	3c9a85a9752c549ceb7578064b4ed891179d20acd85f27318573b64d2d7ee7ee	Apache-2.0
light-poseidon	0.4.0	registry+https://github.com/rust-lang/crates.io-index	47a1ccadd0bb5a32c196da536fd72c59183de24a055f6bf0513bf845fefab862	Apache-2.0
linux-raw-sys	0.12.1	registry+https://github.com/rust-lang/crates.io-index	32a66949e030da00e8c7d4434b251670a91556f4144941d37452769c25d58a53	Apache-2.0 WITH LLVM-exception OR Apache-2.0 OR MIT
litemap	0.8.3	registry+https://github.com/rust-lang/crates.io-index	47d9d19d1d6efa0109d2f65ff4c85cddd50bd572e5a00127ab10987290bcefae	Unicode-3.0
lock_api	0.4.14	registry+https://github.com/rust-lang/crates.io-index	224399e74b87b5f3557511d98dff8b14089b3dadafcab6bb93eab67d3aace965	MIT OR Apache-2.0
log	0.4.33	registry+https://github.com/rust-lang/crates.io-index	0ceec5bc11778974d1bcb055b18002eba7f4b3518b6a0081b3af5f21666da9ad	MIT OR Apache-2.0
lru	0.18.2	registry+https://github.com/rust-lang/crates.io-index	5d2f2f9b4ba7e6b24d95e7e899329d35be83bcded72c8540cdd5368932d1d90a	MIT
lru-slab	0.1.2	registry+https://github.com/rust-lang/crates.io-index	112b39cec0b298b6c1999fee3e31427f74f676e4cb9879ed1a121b43661a4154	MIT OR Apache-2.0 OR Zlib
lz4	1.28.1	registry+https://github.com/rust-lang/crates.io-index	a20b523e860d03443e98350ceaac5e71c6ba89aea7d960769ec3ce37f4de5af4	MIT
lz4-sys	1.11.1+lz4-1.10.0	registry+https://github.com/rust-lang/crates.io-index	6bd8c0d6c6ed0cd30b3652886bb8711dc4bb01d637a68105a3d5158039b418e6	MIT
memchr	2.8.3	registry+https://github.com/rust-lang/crates.io-index	cf8baf1c55e62ffcace7a9f06f4bd9cd3f0c4beb022d3b367256b91b87513d98	Unlicense OR MIT
memmap2	0.5.10	registry+https://github.com/rust-lang/crates.io-index	83faa42c0a078c393f6b29d5db232d8be22776a891f8f56e5284faee4a20b327	MIT OR Apache-2.0
memmap2	0.9.11	registry+https://github.com/rust-lang/crates.io-index	d1219ed1b7f229ee7104d281dd01d6802fe28bb6e95d292942c4daacdeb798c0	MIT OR Apache-2.0
memoffset	0.9.1	registry+https://github.com/rust-lang/crates.io-index	488016bfae457b036d996092f6cb448677611ce4449e970ceaf42695203f218a	MIT
merlin	3.0.0	registry+https://github.com/rust-lang/crates.io-index	58c38e2799fc0978b65dfff8023ec7843e2330bb462f19198840b34b6582397d	MIT
minimal-lexical	0.2.1	registry+https://github.com/rust-lang/crates.io-index	68354c5c6bd36d73ff3feceb05efa59b6acb7626617f4962be322a825e61f79a	MIT/Apache-2.0
miniz_oxide	0.8.9	registry+https://github.com/rust-lang/crates.io-index	1fa76a2c86f704bdb222d66965fb3d63269ce38518b83cb0575fca855ebb6316	MIT OR Zlib OR Apache-2.0
mio	1.2.2	registry+https://github.com/rust-lang/crates.io-index	30d65c71f1ce40ab09135ce117d742b9f8a19ff91a41a8b57ed50bc2de59c427	MIT
mockall	0.14.0	registry+https://github.com/rust-lang/crates.io-index	f58d964098a5f9c6b63d0798e5372fd04708193510a7af313c22e9f29b7b620b	MIT OR Apache-2.0
mockall_derive	0.14.0	registry+https://github.com/rust-lang/crates.io-index	ca41ce716dda6a9be188b385aa78ee5260fc25cd3802cb2a8afdc6afbe6b6dbf	MIT OR Apache-2.0
modular-bitfield	0.13.1	registry+https://github.com/rust-lang/crates.io-index	2956e537fc68236d2aa048f55704f231cc93f1c4de42fe1ecb5bd7938061fc4a	MIT OR Apache-2.0
modular-bitfield-impl	0.13.1	registry+https://github.com/rust-lang/crates.io-index	59b43b4fd69e3437618106f7754f34021b831a514f9e1a98ae863cabcd8d8dad	MIT OR Apache-2.0
nix	0.31.3	registry+https://github.com/rust-lang/crates.io-index	cf20d2fde8ff38632c426f1165ed7436270b44f199fc55284c38276f9db47c3d	MIT
nom	7.1.3	registry+https://github.com/rust-lang/crates.io-index	d273983c5a657a70a3e8f2a01329822f3b8c8172b73826411a55751e404a0a4a	MIT
num	0.2.1	registry+https://github.com/rust-lang/crates.io-index	b8536030f9fea7127f841b45bb6243b27255787fb4eb83958aa1ef9d2fdc0c36	MIT/Apache-2.0
num-bigint	0.2.6	registry+https://github.com/rust-lang/crates.io-index	090c7f9998ee0ff65aa5b723e4009f7b217707f1fb5ea551329cc4d6231fb304	MIT/Apache-2.0
num-bigint	0.4.8	registry+https://github.com/rust-lang/crates.io-index	c89e69e7e0f03bea5ef08013795c25018e101932225a656383bd384495ecc367	MIT OR Apache-2.0
num-complex	0.2.4	registry+https://github.com/rust-lang/crates.io-index	b6b19411a9719e753aff12e5187b74d60d3dc449ec3f4dc21e3989c3f554bc95	MIT/Apache-2.0
num-conv	0.2.2	registry+https://github.com/rust-lang/crates.io-index	521739c6d2bac4aa25192232afe6841231376b2b26d4d9fae5ecf8ca5772e441	MIT OR Apache-2.0
num-derive	0.4.2	registry+https://github.com/rust-lang/crates.io-index	ed3955f1a9c7c0c15e092f9c887db08b1fc683305fdf6eb6684f22555355e202	MIT OR Apache-2.0
num-integer	0.1.47	registry+https://github.com/rust-lang/crates.io-index	7ce2d95d4b3734dc35aa2f45e1aa22cd416814592a4f9d9205e11affd5b8e10b	MIT OR Apache-2.0
num-iter	0.1.46	registry+https://github.com/rust-lang/crates.io-index	c92800bd69a1eac91786bcfe9da64a897eb72911b8dc3095decbd07429e8048b	MIT OR Apache-2.0
num-rational	0.2.4	registry+https://github.com/rust-lang/crates.io-index	5c000134b5dbf44adc5cb772486d335293351644b801551abe8f75c84cfa4aef	MIT/Apache-2.0
num-rational	0.4.2	registry+https://github.com/rust-lang/crates.io-index	f83d14da390562dca69fc84082e73e548e1ad308d24accdedd2720017cb37824	MIT OR Apache-2.0
num-traits	0.2.19	registry+https://github.com/rust-lang/crates.io-index	071dfc062690e90b734c0b2273ce72ad0ffa95f0c74596bc250dcfd960262841	MIT OR Apache-2.0
num_cpus	1.17.0	registry+https://github.com/rust-lang/crates.io-index	91df4bbde75afed763b708b7eee1e8e7651e02d97f6d5dd763e89367e957b23b	MIT OR Apache-2.0
num_enum	0.7.6	registry+https://github.com/rust-lang/crates.io-index	5d0bca838442ec211fa11de3a8b0e0e8f3a4522575b5c4c06ed722e005036f26	BSD-3-Clause OR MIT OR Apache-2.0
num_enum_derive	0.7.6	registry+https://github.com/rust-lang/crates.io-index	680998035259dcfcafe653688bf2aa6d3e2dc05e98be6ab46afb089dc84f1df8	BSD-3-Clause OR MIT OR Apache-2.0
object	0.39.1	registry+https://github.com/rust-lang/crates.io-index	2e5a6c098c7a3b6547378093f5cc30bc54fd361ce711e05293a5cc589562739b	Apache-2.0 OR MIT
oid-registry	0.8.1	registry+https://github.com/rust-lang/crates.io-index	12f40cff3dde1b6087cc5d5f5d4d65712f34016a03ed60e9c08dcc392736b5b7	MIT OR Apache-2.0
once_cell	1.21.4	registry+https://github.com/rust-lang/crates.io-index	9f7c3e4beb33f85d45ae3e3a1792185706c8e16d043238c593331cc7cd313b50	MIT OR Apache-2.0
once_cell_polyfill	1.70.2	registry+https://github.com/rust-lang/crates.io-index	384b8ab6d37215f3c5301a95a4accb5d64aa607f1fcb26a11b5303878451b4fe	MIT OR Apache-2.0
opaque-debug	0.3.1	registry+https://github.com/rust-lang/crates.io-index	c08d65885ee38876c4f86fa503fb49d7b507c2b62552df7c70b2fce627e06381	MIT OR Apache-2.0
openssl	0.10.81	registry+https://github.com/rust-lang/crates.io-index	77823a27f0babb03091cb9ed9ef80af3b39dbc82f97e8fa530374b7dafd87a45	Apache-2.0
openssl-macros	0.1.1	registry+https://github.com/rust-lang/crates.io-index	a948666b637a0f465e8564c73e89d4dde00d72d4d473cc972f390fc3dcee7d9c	MIT/Apache-2.0
openssl-probe	0.2.1	registry+https://github.com/rust-lang/crates.io-index	7c87def4c32ab89d880effc9e097653c8da5d6ef28e6b539d313baaacfbafcbe	MIT OR Apache-2.0
openssl-src	300.6.1+3.6.3	registry+https://github.com/rust-lang/crates.io-index	46eb8fb9fb3b61ce1c0f8a026c4c1a0714d3a9e138e7fbde78753ce2babc3846	MIT/Apache-2.0
openssl-sys	0.9.117	registry+https://github.com/rust-lang/crates.io-index	b47e7e6bb2c38cd930d25a23b40fa52e068c10e85f3e03a7f5ba5aaca5713695	MIT
opentelemetry	0.17.0	registry+https://github.com/rust-lang/crates.io-index	6105e89802af13fdf48c49d7646d3b533a70e536d818aae7e78ba0433d01acb8	Apache-2.0
pairing	0.23.0	registry+https://github.com/rust-lang/crates.io-index	81fec4625e73cf41ef4bb6846cafa6d44736525f442ba45e407c4a000a13996f	MIT/Apache-2.0
parking_lot	0.12.5	registry+https://github.com/rust-lang/crates.io-index	93857453250e3077bd71ff98b6a65ea6621a19bb0f559a85248955ac12c45a1a	MIT OR Apache-2.0
parking_lot_core	0.9.12	registry+https://github.com/rust-lang/crates.io-index	2621685985a2ebf1c516881c026032ac7deafcda1a2c9b7850dc81e3dfcb64c1	MIT OR Apache-2.0
paste	1.0.15	registry+https://github.com/rust-lang/crates.io-index	57c0d7b74b563b49d38dae00a0c37d4d6de9b432382b2892f0574ddcae73fd0a	MIT OR Apache-2.0
pastey	0.2.3	registry+https://github.com/rust-lang/crates.io-index	2ee67f1008b1ba2321834326597b8e186293b049a023cdef258527550b9935b4	MIT OR Apache-2.0
pbkdf2	0.11.0	registry+https://github.com/rust-lang/crates.io-index	83a0692ec44e4cf1ef28ca317f14f8f07da2d95ec3fa01f86e4467b725e60917	MIT OR Apache-2.0
pem	1.1.1	registry+https://github.com/rust-lang/crates.io-index	a8835c273a76a90455d7344889b0964598e3316e2a79ede8e36f16bdcf2228b8	MIT
percent-encoding	2.3.2	registry+https://github.com/rust-lang/crates.io-index	9b4f627cb1b25917193a259e49bdad08f671f8d9708acfd5fe0a8c1455d87220	MIT OR Apache-2.0
percentage	0.1.0	registry+https://github.com/rust-lang/crates.io-index	2fd23b938276f14057220b707937bcb42fa76dda7560e57a2da30cb52d557937	MIT OR Apache-2.0
pin-project	1.1.13	registry+https://github.com/rust-lang/crates.io-index	2466b2336ed02bcdca6b294417127b90ec92038d1d5c4fbeac971a922e0e0924	Apache-2.0 OR MIT
pin-project-internal	1.1.13	registry+https://github.com/rust-lang/crates.io-index	c96395f0a926bc13b1c17622aaddda1ecb55d49c8f1bf9777e4d877800a43f8b	Apache-2.0 OR MIT
pin-project-lite	0.2.17	registry+https://github.com/rust-lang/crates.io-index	a89322df9ebe1c1578d689c92318e070967d1042b512afbe49518723f4e6d5cd	Apache-2.0 OR MIT
pkcs8	0.10.2	registry+https://github.com/rust-lang/crates.io-index	f950b2377845cebe5cf8b5165cb3cc1a5e0fa5cfa3e1f7f55707d8fd82e0a7b7	Apache-2.0 OR MIT
pkg-config	0.3.34	registry+https://github.com/rust-lang/crates.io-index	f6b464fbc74e149a392436b17d523f769e057cb6877f6a5c4618bc6f11800548	MIT OR Apache-2.0
polyval	0.6.2	registry+https://github.com/rust-lang/crates.io-index	9d1fe60d06143b2430aa532c94cfe9e29783047f06c0d7fd359a9a51b729fa25	Apache-2.0 OR MIT
portable-atomic	1.15.0	registry+https://github.com/rust-lang/crates.io-index	05c8b63e8d9609db387f0324918f81d68fe27748f084ef092fb35954d0539a85	Apache-2.0 OR MIT
portable-atomic-util	0.2.7	registry+https://github.com/rust-lang/crates.io-index	c2a106d1259c23fac8e543272398ae0e3c0b8d33c88ed73d0cc71b0f1d902618	Apache-2.0 OR MIT
potential_utf	0.1.6	registry+https://github.com/rust-lang/crates.io-index	d83eb9bc6d8e5cf568e7a1101d60ee05e81ed50ea106026f3d18deeb046d7661	Unicode-3.0
powerfmt	0.2.0	registry+https://github.com/rust-lang/crates.io-index	439ee305def115ba05938db6eb1644ff94165c5ab5e9420d1c1bcedbba909391	MIT OR Apache-2.0
ppv-lite86	0.2.21	registry+https://github.com/rust-lang/crates.io-index	85eae3c4ed2f50dcfe72643da4befc30deadb458a9b590d720cde2f2b1e97da9	MIT OR Apache-2.0
predicates	3.1.4	registry+https://github.com/rust-lang/crates.io-index	ada8f2932f28a27ee7b70dd6c1c39ea0675c55a36879ab92f3a715eaa1e63cfe	MIT OR Apache-2.0
predicates-core	1.0.10	registry+https://github.com/rust-lang/crates.io-index	cad38746f3166b4031b1a0d39ad9f954dd291e7854fcc0eed52ee41a0b50d144	MIT OR Apache-2.0
predicates-tree	1.0.13	registry+https://github.com/rust-lang/crates.io-index	d0de1b847b39c8131db0467e9df1ff60e6d0562ab8e9a16e568ad0fdb372e2f2	MIT OR Apache-2.0
proc-macro-crate	3.5.0	registry+https://github.com/rust-lang/crates.io-index	e67ba7e9b2b56446f1d419b1d807906278ffa1a658a8a5d8a39dcb1f5a78614f	MIT OR Apache-2.0
proc-macro-error-attr2	2.0.0	registry+https://github.com/rust-lang/crates.io-index	96de42df36bb9bba5542fe9f1a054b8cc87e172759a1868aa05c1f3acc89dfc5	MIT OR Apache-2.0
proc-macro-error2	2.0.1	registry+https://github.com/rust-lang/crates.io-index	11ec05c52be0a07b08061f7dd003e7d7092e0472bc731b4af7bb1ef876109802	MIT OR Apache-2.0
proc-macro2	1.0.107	registry+https://github.com/rust-lang/crates.io-index	985e7ec9bb745e6ce6535b544d84d6cd6f7ad8bd711c398938ae983b91a766d9	MIT OR Apache-2.0
proc-macro2-diagnostics	0.10.1	registry+https://github.com/rust-lang/crates.io-index	af066a9c399a26e020ada66a034357a868728e72cd426f3adcd35f80d88d88c8	MIT/Apache-2.0
qstring	0.7.2	registry+https://github.com/rust-lang/crates.io-index	d464fae65fff2680baf48019211ce37aaec0c78e9264c84a3e484717f965104e	MIT
qualifier_attr	0.2.2	registry+https://github.com/rust-lang/crates.io-index	9e2e25ee72f5b24d773cae88422baddefff7714f97aab68d96fe2b6fc4a28fb2	MIT OR Apache-2.0
quinn	0.11.11	registry+https://github.com/rust-lang/crates.io-index	0c1a41e437b6bbd489372cd4971de128e85c855f56c57f283d20ff016cf7c0a8	MIT OR Apache-2.0
quinn-proto	0.11.17	registry+https://github.com/rust-lang/crates.io-index	04759210543be93709136e28212294a659ef5001836ff4eab4d663e4529bba83	MIT OR Apache-2.0
quinn-udp	0.5.15	registry+https://github.com/rust-lang/crates.io-index	35a133f956daabe89a61a685c2649f13d82d5aa4bd5d12d1277e1072a21c0694	MIT OR Apache-2.0
quote	1.0.47	registry+https://github.com/rust-lang/crates.io-index	1fbf4db142a473a8d80c26bbf18454ed458bf8d26c8219c331daecfdbd079001	MIT OR Apache-2.0
r-efi	5.3.0	registry+https://github.com/rust-lang/crates.io-index	69cdb34c158ceb288df11e18b4bd39de994f6657d83847bdffdbd7f346754b0f	MIT OR Apache-2.0 OR LGPL-2.1-or-later
r-efi	6.0.0	registry+https://github.com/rust-lang/crates.io-index	f8dcc9c7d52a811697d2151c701e0d08956f92b0e24136cf4cf27b57a6a0d9bf	MIT OR Apache-2.0 OR LGPL-2.1-or-later
radium	0.7.0	registry+https://github.com/rust-lang/crates.io-index	dc33ff2d4973d518d823d61aa239014831e521c75da58e3df4840d3f47749d09	MIT
rand	0.10.2	registry+https://github.com/rust-lang/crates.io-index	c7f5fa3a058cd35567ef9bfa5e75732bee0f9e4c55fa90477bef2dfcdbc4be80	MIT OR Apache-2.0
rand	0.7.3	registry+https://github.com/rust-lang/crates.io-index	6a6b1679d49b24bbfe0c803429aa1874472f50d9b363131f0e89fc356b544d03	MIT OR Apache-2.0
rand	0.8.7	registry+https://github.com/rust-lang/crates.io-index	22f6172bdec972074665ed81ed53b71da00bfc44b65a753cfde883ec4c702a1a	MIT OR Apache-2.0
rand	0.9.5	registry+https://github.com/rust-lang/crates.io-index	b9ef1d0d795eb7d84685bca4f72f3649f064e6641543d3a8c415898726a57b41	MIT OR Apache-2.0
rand_chacha	0.2.2	registry+https://github.com/rust-lang/crates.io-index	f4c8ed856279c9737206bf725bf36935d8666ead7aa69b52be55af369d193402	MIT OR Apache-2.0
rand_chacha	0.3.1	registry+https://github.com/rust-lang/crates.io-index	e6c10a63a0fa32252be49d21e7709d4d4baf8d231c2dbce1eaa8141b9b127d88	MIT OR Apache-2.0
rand_chacha	0.9.0	registry+https://github.com/rust-lang/crates.io-index	d3022b5f1df60f26e1ffddd6c66e8aa15de382ae63b3a0c1bfc0e4d3e3f325cb	MIT OR Apache-2.0
rand_core	0.10.1	registry+https://github.com/rust-lang/crates.io-index	63b8176103e19a2643978565ca18b50549f6101881c443590420e4dc998a3c69	MIT OR Apache-2.0
rand_core	0.5.1	registry+https://github.com/rust-lang/crates.io-index	90bde5296fc891b0cef12a6d03ddccc162ce7b2aff54160af9338f8d40df6d19	MIT OR Apache-2.0
rand_core	0.6.4	registry+https://github.com/rust-lang/crates.io-index	ec0be4795e2f6a28069bec0b5ff3e2ac9bafc99e6a9a7dc3547996c5c816922c	MIT OR Apache-2.0
rand_core	0.9.5	registry+https://github.com/rust-lang/crates.io-index	76afc826de14238e6e8c374ddcc1fa19e374fd8dd986b0d2af0d02377261d83c	MIT OR Apache-2.0
rand_hc	0.2.0	registry+https://github.com/rust-lang/crates.io-index	ca3129af7b92a17112d59ad498c6f81eaf463253766b90396d39ea7a39d6613c	MIT/Apache-2.0
rand_pcg	0.10.2	registry+https://github.com/rust-lang/crates.io-index	caa0f4137e1c0a72f4c651489402276c8e8e1cf081f3b0ba156d2cbeef09e86a	MIT OR Apache-2.0
rand_xorshift	0.3.0	registry+https://github.com/rust-lang/crates.io-index	d25bf25ec5ae4a3f1b92f929810509a2f53d7dca2f50b794ff57e3face536c8f	MIT OR Apache-2.0
rand_xoshiro	0.7.0	registry+https://github.com/rust-lang/crates.io-index	f703f4665700daf5512dcca5f43afa6af89f09db47fb56be587f80636bda2d41	MIT OR Apache-2.0
rayon	1.12.0	registry+https://github.com/rust-lang/crates.io-index	fb39b166781f92d482534ef4b4b1b2568f42613b53e5b6c160e24cfbfa30926d	MIT OR Apache-2.0
rayon-core	1.13.0	registry+https://github.com/rust-lang/crates.io-index	22e18b0f0062d30d4230b2e85ff77fdfe4326feb054b9783a3460d8435c8ab91	MIT OR Apache-2.0
redox_syscall	0.5.18	registry+https://github.com/rust-lang/crates.io-index	ed2bf2547551a7053d6fdfafda3f938979645c44812fbfcda098faae3f1a362d	MIT
regex	1.13.1	registry+https://github.com/rust-lang/crates.io-index	f020237b6c8eed93db2e2cb53c00c60a8e1bc73da7d073199a1180401450218d	MIT OR Apache-2.0
regex-automata	0.4.18	registry+https://github.com/rust-lang/crates.io-index	ad8553b9b26413251cbf30e620595c7a41b3887f03da04579c0e6b0d6a06b4b2	MIT OR Apache-2.0
regex-syntax	0.8.11	registry+https://github.com/rust-lang/crates.io-index	d6f6ff9a378485b298a5286656da665ba74413d36db0979633275d2e708145d4	MIT OR Apache-2.0
reqwest	0.12.28	registry+https://github.com/rust-lang/crates.io-index	eddd3ca559203180a307f12d114c268abf583f59b03cb906fd0b3ff8646c1147	MIT OR Apache-2.0
reqwest-middleware	0.4.2	registry+https://github.com/rust-lang/crates.io-index	57f17d28a6e6acfe1733fe24bcd30774d13bffa4b8a22535b4c8c98423088d4e	MIT OR Apache-2.0
rfc6979	0.4.0	registry+https://github.com/rust-lang/crates.io-index	f8dd2a808d456c4a54e300a23e9f5a67e122c3024119acbfd73e3bf664491cb2	Apache-2.0 OR MIT
ring	0.17.14	registry+https://github.com/rust-lang/crates.io-index	a4689e6c2294d81e88dc6261c768b63bc4fcdb852be6d1352498b114f61383b7	Apache-2.0 AND ISC
rustc-demangle	0.1.28	registry+https://github.com/rust-lang/crates.io-index	b74b56ffa8bb2830709a538c2cbcae9aa062db0d2a42563bfb09bdaae44020eb	MIT/Apache-2.0
rustc-hash	2.1.3	registry+https://github.com/rust-lang/crates.io-index	6b1e7f9a428571be2dc5bc0505c13fb6bf936822b894ec87abf8a08a4e51742d	Apache-2.0 OR MIT
rustc_version	0.4.1	registry+https://github.com/rust-lang/crates.io-index	cfcb3a22ef46e85b45de6ee7e79d063319ebb6594faafcf1c225ea92ab6e9b92	MIT OR Apache-2.0
rusticata-macros	4.1.0	registry+https://github.com/rust-lang/crates.io-index	faf0c4a6ece9950b9abdb62b1cfcf2a68b3b67a10ba445b3bb85be2a293d0632	MIT/Apache-2.0
rustix	1.1.4	registry+https://github.com/rust-lang/crates.io-index	b6fe4565b9518b83ef4f91bb47ce29620ca828bd32cb7e408f0062e9930ba190	Apache-2.0 WITH LLVM-exception OR Apache-2.0 OR MIT
rustls	0.23.43	registry+https://github.com/rust-lang/crates.io-index	0283386ce02abc0151e1761d08802dfe86c173b0b494af5cbc086574e453da06	Apache-2.0 OR ISC OR MIT
rustls-native-certs	0.8.4	registry+https://github.com/rust-lang/crates.io-index	dab5152771c58876a2146916e53e35057e1a4dfa2b9df0f0305b07f611fdea4d	Apache-2.0 OR ISC OR MIT
rustls-pki-types	1.15.1	registry+https://github.com/rust-lang/crates.io-index	2f4925028c7eb5d1fcdaf196971378ed9d2c1c4efc7dc5d011256f76c99c0a96	MIT OR Apache-2.0
rustls-platform-verifier	0.7.0	registry+https://github.com/rust-lang/crates.io-index	26d1e2536ce4f35f4846aa13bff16bd0ff40157cdb14cc056c7b14ba41233ba0	MIT OR Apache-2.0
rustls-platform-verifier-android	0.1.1	registry+https://github.com/rust-lang/crates.io-index	f87165f0995f63a9fbeea62b64d10b4d9d8e78ec6d7d51fb2125fda7bb36788f	MIT OR Apache-2.0
rustls-webpki	0.103.14	registry+https://github.com/rust-lang/crates.io-index	0527518605e68109d875e248ea259b6758801cf165e4b2c2733ae3b51f12535a	ISC
rustversion	1.0.23	registry+https://github.com/rust-lang/crates.io-index	cf54715a573b99ac80df0bc206da022bcd442c974952c7b9720069370852e21f	MIT OR Apache-2.0
ryu	1.0.23	registry+https://github.com/rust-lang/crates.io-index	9774ba4a74de5f7b1c1451ed6cd5285a32eddb5cccb8cc655a4e50009e06477f	Apache-2.0 OR BSL-1.0
safe_arch	0.7.4	registry+https://github.com/rust-lang/crates.io-index	96b02de82ddbe1b636e6170c21be622223aea188ef2e139be0a5b219ec215323	Zlib OR Apache-2.0 OR MIT
same-file	1.0.6	registry+https://github.com/rust-lang/crates.io-index	93fc1dc3aaa9bfed95e02e6eadabb4baf7e3078b0bd1b4d7b6b0b68378900502	Unlicense/MIT
schannel	0.1.29	registry+https://github.com/rust-lang/crates.io-index	91c1b7e4904c873ef0710c1f407dde2e6287de2bebc1bbbf7d430bb7cbffd939	MIT
scopeguard	1.2.0	registry+https://github.com/rust-lang/crates.io-index	94143f37725109f92c262ed2cf5e59bce7498c01bcc1502d7b9afe439a4e9f49	MIT OR Apache-2.0
sec1	0.7.3	registry+https://github.com/rust-lang/crates.io-index	d3e97a565f76233a6003f9f5c54be1d9c5bdfa3eccfb189469f11ec4901c47dc	Apache-2.0 OR MIT
security-framework	3.7.0	registry+https://github.com/rust-lang/crates.io-index	b7f4bc775c73d9a02cde8bf7b2ec4c9d12743edf609006c7facc23998404cd1d	MIT OR Apache-2.0
security-framework-sys	2.17.0	registry+https://github.com/rust-lang/crates.io-index	6ce2691df843ecc5d231c0b14ece2acc3efb62c0a398c7e1d875f3983ce020e3	MIT OR Apache-2.0
semver	1.0.28	registry+https://github.com/rust-lang/crates.io-index	8a7852d02fc848982e0c167ef163aaff9cd91dc640ba85e263cb1ce46fae51cd	MIT OR Apache-2.0
seqlock	0.2.0	registry+https://github.com/rust-lang/crates.io-index	b5c67b6f14ecc5b86c66fa63d76b5092352678545a8a3cdae80aef5128371910	Apache-2.0/MIT
serde	1.0.228	registry+https://github.com/rust-lang/crates.io-index	9a8e94ea7f378bd32cbbd37198a4a91436180c5bb472411e48b5ec2e2124ae9e	MIT OR Apache-2.0
serde	1.0.229	registry+https://github.com/rust-lang/crates.io-index	4148590afebada386688f18773da617792bf2ef03ffc1e4cbd2b1d45b023e0ba	MIT OR Apache-2.0
serde-big-array	0.5.1	registry+https://github.com/rust-lang/crates.io-index	11fc7cc2c76d73e0f27ee52abbd64eec84d46f370c88371120433196934e4b7f	MIT OR Apache-2.0
serde_bytes	0.11.19	registry+https://github.com/rust-lang/crates.io-index	a5d440709e79d88e51ac01c4b72fc6cb7314017bb7da9eeff678aa94c10e3ea8	MIT OR Apache-2.0
serde_core	1.0.228	registry+https://github.com/rust-lang/crates.io-index	41d385c7d4ca58e59fc732af25c3983b67ac852c1a25000afe1175de458b67ad	MIT OR Apache-2.0
serde_core	1.0.229	registry+https://github.com/rust-lang/crates.io-index	67dca2c9c51e58a4791a4b1ed58308b39c64224d349a935ab5039aa360942a48	MIT OR Apache-2.0
serde_derive	1.0.228	registry+https://github.com/rust-lang/crates.io-index	d540f220d3187173da220f885ab66608367b6574e925011a9353e4badda91d79	MIT OR Apache-2.0
serde_derive	1.0.229	registry+https://github.com/rust-lang/crates.io-index	e7a5d71263a5a7d47b41f6b3f06ba276f10cc18b0931f1799f710578e2309348	MIT OR Apache-2.0
serde_json	1.0.151	registry+https://github.com/rust-lang/crates.io-index	c841b55ecdae098c80dcae9cf767f6f8a0c2cdb3416bbef72181df4d0fe73f14	MIT OR Apache-2.0
serde_urlencoded	0.7.1	registry+https://github.com/rust-lang/crates.io-index	d3491c14715ca2294c4d6a88f15e84739788c1d030eed8c110436aafdaa2f3fd	MIT/Apache-2.0
serde_with	3.22.0	registry+https://github.com/rust-lang/crates.io-index	ee78f1fbe43ac4a0e47aadb3dbd357b69eb0d3793e948624cd03dd2750ab1c0a	MIT OR Apache-2.0
serde_with_macros	3.22.0	registry+https://github.com/rust-lang/crates.io-index	8705578779c2b6bd90d84d66eb2e206b708b1a4d7b9f17641b293545bf1c7e46	MIT OR Apache-2.0
sha2	0.10.9	registry+https://github.com/rust-lang/crates.io-index	a7507d819769d01a365ab707794a4084392c824f54a7a6a7862f8c3d0892b283	MIT OR Apache-2.0
sha2	0.9.9	registry+https://github.com/rust-lang/crates.io-index	4d58a1e1bf39749807d89cf2d98ac2dfa0ff1cb3faa38fbb64dd88ac8013d800	MIT OR Apache-2.0
sha2-const-stable	0.1.0	registry+https://github.com/rust-lang/crates.io-index	5f179d4e11094a893b82fff208f74d448a7512f99f5a0acbd5c679b705f83ed9	MIT OR Apache-2.0
sha3	0.10.9	registry+https://github.com/rust-lang/crates.io-index	77fd7028345d415a4034cf8777cd4f8ab1851274233b45f84e3d955502d93874	MIT OR Apache-2.0
sharded-slab	0.1.7	registry+https://github.com/rust-lang/crates.io-index	f40ca3c46823713e0d4209592e8d6e826aa57e928f09752619fc696c499637f6	MIT
shlex	2.0.1	registry+https://github.com/rust-lang/crates.io-index	f8fadd59c855ef2080decdef8ff161eb6661b86933c9d82e5ba29dc602a55aba	MIT OR Apache-2.0
signal-hook	0.4.4	registry+https://github.com/rust-lang/crates.io-index	b2a0c28ca5908dbdbcd52e6fdaa00358ab88637f8ab33e1f188dd510eb44b53d	MIT OR Apache-2.0
signal-hook-registry	1.4.8	registry+https://github.com/rust-lang/crates.io-index	c4db69cba1110affc0e9f7bcd48bbf87b3f4fc7c61fc9155afd4c469eb3d6c1b	MIT OR Apache-2.0
signature	1.6.4	registry+https://github.com/rust-lang/crates.io-index	74233d3b3b2f6d4b006dc19dee745e73e2a6bfb6f93607cd3b02bd5b00797d7c	Apache-2.0 OR MIT
signature	2.2.0	registry+https://github.com/rust-lang/crates.io-index	77549399552de45a898a580c1b41d445bf730df867cc44e6c0233bbc4b8329de	Apache-2.0 OR MIT
simd-adler32	0.3.10	registry+https://github.com/rust-lang/crates.io-index	3a219298ac11a56ea9a6d2120044824d6f01aeb034955e7af7bc16858527deea	MIT
simd_cesu8	1.2.0	registry+https://github.com/rust-lang/crates.io-index	11031e251abf8611c80f460e19dbdeb54a66db918e49c65a7065b46ac7aec520	Apache-2.0 OR MIT
simdutf8	0.1.5	registry+https://github.com/rust-lang/crates.io-index	e3a9fe34e3e7a50316060351f37187a3f546bce95496156754b601a5fa71b76e	MIT OR Apache-2.0
siphasher	0.3.11	registry+https://github.com/rust-lang/crates.io-index	38b58827f4464d87d377d175e90bf58eb00fd8716ff0a62f80356b5e61555d0d	MIT/Apache-2.0
siphasher	1.0.3	registry+https://github.com/rust-lang/crates.io-index	8ee5873ec9cce0195efcb7a4e9507a04cd49aec9c83d0389df45b1ef7ba2e649	MIT/Apache-2.0
slab	0.4.12	registry+https://github.com/rust-lang/crates.io-index	0c790de23124f9ab44544d7ac05d60440adc586479ce501c1d6d7da3cd8c9cf5	MIT
smallvec	1.15.2	registry+https://github.com/rust-lang/crates.io-index	8ed6a63f02c8539c91a8685a86f4099661ba3da017932f6ebbea6de3f0fa7c90	MIT OR Apache-2.0
socket2	0.6.5	registry+https://github.com/rust-lang/crates.io-index	c3d1e2c7f27f8d4cb10542a02c49005dbd6e93095799d6f3be745fae9f8fedd4	MIT OR Apache-2.0
solana-account	3.4.0	registry+https://github.com/rust-lang/crates.io-index	efc0ed36decb689413b9da5d57f2be49eea5bebb3cf7897015167b0c4336e731	Apache-2.0
solana-account	4.3.2	registry+https://github.com/rust-lang/crates.io-index	26788ba0d7eb5b250edda3e1d393739bafd5daf94882f2261d14f5ab0d6a25e0	Apache-2.0
solana-account-decoder	4.2.1	registry+https://github.com/rust-lang/crates.io-index	5d539d57ab52c20309711d54fc309adcf7ed1c688277c8ac6437db34c5be39f7	Apache-2.0
solana-account-decoder-client-types	4.2.1	registry+https://github.com/rust-lang/crates.io-index	ce9eca88c8336e46a990fd6541eadee77685ecb84d771ade0d2ed4cc5801f438	Apache-2.0
solana-account-info	3.1.1	registry+https://github.com/rust-lang/crates.io-index	a9cf16495d9eb53e3d04e72366a33bb1c20c24e78c171d8b8f5978357b63ae95	Apache-2.0
solana-accounts-db	4.2.1	registry+https://github.com/rust-lang/crates.io-index	07531b1145a518434fd090d6eda600ec581490a9c6eff81083276ec829d8c946	Apache-2.0
solana-address	1.1.0	registry+https://github.com/rust-lang/crates.io-index	a2ecac8e1b7f74c2baa9e774c42817e3e75b20787134b76cc4d45e8a604488f5	Apache-2.0
solana-address	2.6.1	registry+https://github.com/rust-lang/crates.io-index	39c93e262f671bf402e1040e4a7e40b05d81da5956c7681948c975a0997517bb	Apache-2.0
solana-address-lookup-table-interface	3.1.0	registry+https://github.com/rust-lang/crates.io-index	115b4f773acc4f3f3cb986b0d335e9845c0368c82b0940410935bc11ae065578	Apache-2.0
solana-atomic-u64	3.0.1	registry+https://github.com/rust-lang/crates.io-index	085db4906d89324cef2a30840d59eaecf3d4231c560ec7c9f6614a93c652f501	Apache-2.0
solana-banks-client	4.2.1	registry+https://github.com/rust-lang/crates.io-index	d79c2770116428f05d8d07854f3a3442f652e8e7d20625b4c22b6b3869fe2f73	Apache-2.0
solana-banks-interface	4.2.1	registry+https://github.com/rust-lang/crates.io-index	5d62d1c976d98a1797c03f218c6b0705eca273388fbb745acc5fcfa183ea010e	Apache-2.0
solana-banks-server	4.2.1	registry+https://github.com/rust-lang/crates.io-index	09381d41e040a4f73e781fb1946a42ac7a9602f320449816cf9857dbc0e08c5c	Apache-2.0
solana-bincode	3.1.0	registry+https://github.com/rust-lang/crates.io-index	278a1a5bad62cd9da89ac8d4b7ec444e83caa8ae96aa656dfc27684b28d49a5d	Apache-2.0
solana-blake3-hasher	3.1.0	registry+https://github.com/rust-lang/crates.io-index	7116e1d942a2432ca3f514625104757ab8a56233787e95144c93950029e31176	Apache-2.0
solana-bls-signatures	3.3.0	registry+https://github.com/rust-lang/crates.io-index	654ea8d31bbb4b0b9c28f9c545edb32691de27d4e2fc0e252c1ff47da50c5f2a	Apache-2.0
solana-bls12-381-syscall	0.1.1	registry+https://github.com/rust-lang/crates.io-index	94e8256fda0542709fd1320a96d81c3c66e10ac5f680cca9b991d7d3b0e3fe86	Apache-2.0
solana-bn254	3.2.1	registry+https://github.com/rust-lang/crates.io-index	62ff13a8867fcc7b0f1114764e1bf6191b4551dcaf93729ddc676cd4ec6abc9f	Apache-2.0
solana-borsh	3.0.2	registry+https://github.com/rust-lang/crates.io-index	c04abbae16f57178a163125805637b8a076175bb5c0002fb04f4792bea901cf7	Apache-2.0
solana-bpf-loader-program	4.2.1	registry+https://github.com/rust-lang/crates.io-index	fba6be8c60af6076de7e40e54a0ad9d88ad5f7004ecf9be5e93d296dd9b0cbe3	Apache-2.0
solana-bucket-map	4.2.1	registry+https://github.com/rust-lang/crates.io-index	1454088c126ab007f2dc0ffc01da1371d72b02ab1cef882aaefbfc23b08b54f3	Apache-2.0
solana-builtins	4.2.1	registry+https://github.com/rust-lang/crates.io-index	df6d910a669a1093fef471ffec05e5c69e632a83788d13f7703ece5cba62db5b	Apache-2.0
solana-builtins-default-costs	4.2.1	registry+https://github.com/rust-lang/crates.io-index	78a9b9bac7336baf78fcce234a76419940f2b2c0dc10f88aa0a7866a6eebffa7	Apache-2.0
solana-client-traits	4.0.0	registry+https://github.com/rust-lang/crates.io-index	19635cc703678bcb26eb6faee4a363c71f4a0d622c445d9b70c048c42f4cbcd3	Apache-2.0
solana-clock	3.1.1	registry+https://github.com/rust-lang/crates.io-index	f0acdace90d96e2c9e70d681465b4fe888b6bcf27c354ae9774e9f8a3b72923d	Apache-2.0
solana-cluster-type	3.1.0	registry+https://github.com/rust-lang/crates.io-index	3a494cf8eda7d98d9f0144b288bb409c88308d2e86f15cc1045aa77b83304718	Apache-2.0
solana-commitment-config	3.1.1	registry+https://github.com/rust-lang/crates.io-index	1517aa49dcfa9cb793ef90e7aac81346d62ca4a546bb1a754030a033e3972e1c	Apache-2.0
solana-compute-budget	4.2.1	registry+https://github.com/rust-lang/crates.io-index	508ef8407ce095d146830943bab8dccbbc6d581615e1de8d449565d16eae3aff	Apache-2.0
solana-compute-budget-instruction	4.2.1	registry+https://github.com/rust-lang/crates.io-index	8d9fbc30be58ea9c93c153d48b6e3b7fb646d7c7492484837d43790c952decef	Apache-2.0
solana-compute-budget-interface	3.0.0	registry+https://github.com/rust-lang/crates.io-index	8292c436b269ad23cecc8b24f7da3ab07ca111661e25e00ce0e1d22771951ab9	Apache-2.0
solana-compute-budget-program	4.2.1	registry+https://github.com/rust-lang/crates.io-index	c7662ea666daafd5028d981671197d61bc9151e96326749a029bf69ae4cab139	Apache-2.0
solana-config-interface	2.0.0	registry+https://github.com/rust-lang/crates.io-index	63e401ae56aed512821cc7a0adaa412ff97fecd2dff4602be7b1330d2daec0c4	LicenseRef-file:LICENSE:sha256=a6cba85bc92e0cff7a450b1d873c0eaa2e9fc96bf472df0247a26bec77bf3ff9
solana-cost-model	4.2.1	registry+https://github.com/rust-lang/crates.io-index	a51370a4107336b4f180b0597f1320199f7faca9db5334317662694478456ca2	Apache-2.0
solana-cpi	3.1.0	registry+https://github.com/rust-lang/crates.io-index	4dea26709d867aada85d0d3617db0944215c8bb28d3745b912de7db13a23280c	Apache-2.0
solana-curve25519	4.0.1	registry+https://github.com/rust-lang/crates.io-index	14b4d2a4bf0d0b0a86c22111917e86e8bd39a7b31420fb2c7d73eb83761fc7af	Apache-2.0
solana-define-syscall	4.0.1	registry+https://github.com/rust-lang/crates.io-index	57e5b1c0bc1d4a4d10c88a4100499d954c09d3fecfae4912c1a074dff68b1738	Apache-2.0
solana-define-syscall	5.1.0	vendored-path+programs/clutch-sbf/vendor/solana-define-syscall-5.1.0	-	Apache-2.0
solana-define-syscall	5.2.0	registry+https://github.com/rust-lang/crates.io-index	bf8209ece2bd9f1450e672858ffc0e5c8c786ff6916d2a862b126dd0128f380f	Apache-2.0
solana-derivation-path	3.0.0	registry+https://github.com/rust-lang/crates.io-index	ff71743072690fdbdfcdc37700ae1cb77485aaad49019473a81aee099b1e0b8c	Apache-2.0
solana-ed25519-program	3.0.0	registry+https://github.com/rust-lang/crates.io-index	e1419197f1c06abf760043f6d64ba9d79a03ad5a43f18c7586471937122094da	Apache-2.0
solana-entry	4.2.1	registry+https://github.com/rust-lang/crates.io-index	1aa192f613474b8e2ba779db5098f729c8d6ce092f96b6d67ff9b3ed15bb821e	Apache-2.0
solana-epoch-info	3.1.0	registry+https://github.com/rust-lang/crates.io-index	e093c84f6ece620a6b10cd036574b0cd51944231ab32d81f80f76d54aba833e6	Apache-2.0
solana-epoch-rewards	3.1.0	registry+https://github.com/rust-lang/crates.io-index	daf7eb4986b0b1d6f562b21f75a836f1a6df6e00c275efcef50aab5c144dc59e	Apache-2.0
solana-epoch-rewards-hasher	3.1.0	registry+https://github.com/rust-lang/crates.io-index	1ee8beac9bff4db9225e57d532d169b0be5e447f1e6601a2f50f27a01bf5518f	Apache-2.0
solana-epoch-schedule	3.2.0	registry+https://github.com/rust-lang/crates.io-index	8116e6ffa6002237d5ab5edcbda17f9ba66b6742c45a89c9fb40a94dbacd4c1d	Apache-2.0
solana-feature-gate-interface	4.0.0	registry+https://github.com/rust-lang/crates.io-index	bd7545e02f91da1d6996f32b18f7796aa01e0682f8f3a7434b82cd1a10448add	Apache-2.0
solana-fee	4.2.1	registry+https://github.com/rust-lang/crates.io-index	f6b05fdbd78318f6832af2a49d14b59799f4783ff3a307c4a25b50896b57b352	Apache-2.0
solana-fee-calculator	3.2.2	registry+https://github.com/rust-lang/crates.io-index	ef67f01cc6a0c72e99a08d0d484683f995de4c80e9568728fa77d1537f9b7e09	Apache-2.0
solana-fee-structure	3.0.0	registry+https://github.com/rust-lang/crates.io-index	5e2abdb1223eea8ec64136f39cb1ffcf257e00f915c957c35c0dd9e3f4e700b0	Apache-2.0
solana-genesis-config	4.0.0	registry+https://github.com/rust-lang/crates.io-index	5415e781581524a972a3de931d1716d90c0ee08beaa1f34e3108339caf9ee450	Apache-2.0
solana-get-sysvar	1.0.0	registry+https://github.com/rust-lang/crates.io-index	ef3bc859fc036ed490146793557386cbfae614ebba4adc704c37d94350824ed4	Apache-2.0
solana-hard-forks	3.1.1	registry+https://github.com/rust-lang/crates.io-index	45406eccad36220e52988b024d8daa93e691e38d5d71ad5fec55410cc9cf427d	Apache-2.0
solana-hash	4.5.0	registry+https://github.com/rust-lang/crates.io-index	6f4c847893a2ea50b4ae3ca723b124e07cd0544fecea3598f785168f9b78333f	Apache-2.0
solana-hash	4.6.0	registry+https://github.com/rust-lang/crates.io-index	0df9b01495ed31100aca97a7f5862d5e19ab1636d60d1a9f02391408dd9dec84	Apache-2.0
solana-hash-512	1.1.0	registry+https://github.com/rust-lang/crates.io-index	7ce934b02bab639341f2fd62c3e7e3c39dcceb47f0196b7630ed1f82ecb704bd	Apache-2.0
solana-inflation	3.1.1	registry+https://github.com/rust-lang/crates.io-index	ccf104167e42e747602b88e02b25cacfc5de699c3b7cbba60d3250437e6a22ed	Apache-2.0
solana-instruction	3.4.1	registry+https://github.com/rust-lang/crates.io-index	a3957ca1d31107efd9a6bb88b25c348ca5e3b4b6683e3d08adb86d3d17aa01f1	Apache-2.0
solana-instruction-error	2.4.0	registry+https://github.com/rust-lang/crates.io-index	3b7d34343838343a3755b7dfb1e438d94c6db2263b519cfe3c2257af932b6e93	Apache-2.0
solana-instructions-sysvar	3.0.1	registry+https://github.com/rust-lang/crates.io-index	9e0732294560e88ecdb2bbc656e67383e9f88c78ec09469cef172f0d28cd1bcd	Apache-2.0
solana-instructions-sysvar	4.0.0	registry+https://github.com/rust-lang/crates.io-index	e38363a181313d607f7a118df2b401bb27b477a0104b09283cbf504f5f0f00cc	Apache-2.0
solana-keccak-hasher	3.1.0	registry+https://github.com/rust-lang/crates.io-index	ed1c0d16d6fdeba12291a1f068cdf0d479d9bff1141bf44afd7aa9d485f65ef8	Apache-2.0
solana-keypair	3.1.2	registry+https://github.com/rust-lang/crates.io-index	263d614c12aa267a3278703175fd6440552ca61bc960b5a02a4482720c53438b	Apache-2.0
solana-last-restart-slot	3.1.0	registry+https://github.com/rust-lang/crates.io-index	c22474b83d3c7c318e1c3a725784fc2d1d03b728e36369e58ce48769a61ed85e	Apache-2.0
solana-lattice-hash	4.2.1	registry+https://github.com/rust-lang/crates.io-index	ebd93ae529a0bc28774d993b8c0da7364fcb69e2c1bc27d74fb1d810ee9de907	Apache-2.0
solana-leader-schedule	4.2.1	registry+https://github.com/rust-lang/crates.io-index	8f8348c203b2b35fa6bbddf98deeab53732a92ddf32fe0616e1a0d73470fa74f	Apache-2.0
solana-loader-v3-interface	7.0.0	registry+https://github.com/rust-lang/crates.io-index	68029ab11d9c891d4ce23ada75745e40f983c5674af366f447b672569634231b	Apache-2.0
solana-loader-v4-interface	3.1.0	registry+https://github.com/rust-lang/crates.io-index	e4c948b33ff81fa89699911b207059e493defdba9647eaf18f23abdf3674e0fb	Apache-2.0
solana-measure	4.2.1	registry+https://github.com/rust-lang/crates.io-index	7efcc69fcf820688a4ef183e993eb9de5bf3d56ff64aeea8b8afdc121f81afe3	Apache-2.0
solana-merkle-tree	4.2.1	registry+https://github.com/rust-lang/crates.io-index	21c112b73bd703a41e0cbac97377c2d4775199465a738c01cfe33afaaac87745	Apache-2.0
solana-message	4.4.1	registry+https://github.com/rust-lang/crates.io-index	7e29e655f222a3a64145fedceacdca3e696ba7aded1dbd5391aa09d5fbfba53c	Apache-2.0
solana-metrics	4.2.1	registry+https://github.com/rust-lang/crates.io-index	3b89da7b1dd661c8a94772e6d6af8af812dd5aabafb93ce99acfdb1e2482d96c	Apache-2.0
solana-msg	3.1.0	registry+https://github.com/rust-lang/crates.io-index	726b7cbbc6be6f1c6f29146ac824343b9415133eee8cce156452ad1db93f8008	Apache-2.0
solana-native-token	3.0.0	registry+https://github.com/rust-lang/crates.io-index	ae8dd4c280dca9d046139eb5b7a5ac9ad10403fbd64964c7d7571214950d758f	Apache-2.0
solana-net-utils	4.2.1	registry+https://github.com/rust-lang/crates.io-index	1c04c9afe14ec096909cf7ea8d2357adb44379519c2c9b017312314e66f17931	Apache-2.0
solana-nohash-hasher	0.2.1	registry+https://github.com/rust-lang/crates.io-index	8b8a731ed60e89177c8a7ab05fe0f1511cedd3e70e773f288f9de33a9cfdc21e	Apache-2.0 OR MIT
solana-nonce	3.2.1	registry+https://github.com/rust-lang/crates.io-index	c4172d5b33a0a38fcdb2af8f84406570dd51567267da96c28ad0f31fc11621c0	Apache-2.0
solana-nonce-account	4.1.1	registry+https://github.com/rust-lang/crates.io-index	b81bf7e2aa8c443724051507c1007d0b6d9c34b70925d3232dc78f5ca485209e	Apache-2.0
solana-nullable	1.3.0	registry+https://github.com/rust-lang/crates.io-index	889194d8c5faec648f2f6fadddb60566249921ebb074e2707e7095458d5864e2	Apache-2.0
solana-packet	4.2.0	registry+https://github.com/rust-lang/crates.io-index	43a2a582d7863548f047f49aa3745c076cfa9e1364baa080ef0c1210f0e4ebda	Apache-2.0
solana-perf	4.2.1	registry+https://github.com/rust-lang/crates.io-index	8a83ec3296547440ea4257333a82e9ac74327b56772c210da7be8b38c395c53d	Apache-2.0
solana-poh-config	3.1.0	registry+https://github.com/rust-lang/crates.io-index	0b2a84a6e76e6e4de709f3104113062e843add5f116cd61c218347a42681fa53	Apache-2.0
solana-poseidon	4.0.0	registry+https://github.com/rust-lang/crates.io-index	737b8ab25bf4cc8e618f80f1fe40709b2ace708bc764a36b8a4c81eea8c07034	Apache-2.0
solana-precompile-error	3.0.0	registry+https://github.com/rust-lang/crates.io-index	cafcd950de74c6c39d55dc8ca108bbb007799842ab370ef26cf45a34453c31e1	Apache-2.0
solana-program-binaries	4.2.1	registry+https://github.com/rust-lang/crates.io-index	4a6e983a5b92994512daf99c1b1b39a556350eb53da612d221f88b98a256a926	Apache-2.0
solana-program-entrypoint	3.1.1	registry+https://github.com/rust-lang/crates.io-index	84c9b0a1ff494e05f503a08b3d51150b73aa639544631e510279d6375f290997	Apache-2.0
solana-program-error	3.0.1	registry+https://github.com/rust-lang/crates.io-index	4f04fa578707b3612b095f0c8e19b66a1233f7c42ca8082fcb3b745afcc0add6	Apache-2.0
solana-program-memory	3.1.0	registry+https://github.com/rust-lang/crates.io-index	4068648649653c2c50546e9a7fb761791b5ab0cda054c771bb5808d3a4b9eb52	Apache-2.0
solana-program-option	3.1.0	registry+https://github.com/rust-lang/crates.io-index	7a88006a9b8594088cec9027ab77caaaa258a2aaa2083d3f086c44b42e50aeab	Apache-2.0
solana-program-pack	3.1.0	registry+https://github.com/rust-lang/crates.io-index	3d7701cb15b90667ae1c89ef4ac35a59c61e66ce58ddee13d729472af7f41d59	Apache-2.0
solana-program-runtime	4.2.1	registry+https://github.com/rust-lang/crates.io-index	99a3895314c34396758131a8af156944453ebe18e70d2a5cde67eec899df48a1	Apache-2.0
solana-program-test	4.2.1	registry+https://github.com/rust-lang/crates.io-index	2426315b2809a8db9eb72523b3105d63a798a0e29e7e22ba47de9737261c9020	Apache-2.0
solana-pubkey	3.0.0	registry+https://github.com/rust-lang/crates.io-index	8909d399deb0851aa524420beeb5646b115fd253ef446e35fe4504c904da3941	Apache-2.0
solana-pubkey	4.2.0	registry+https://github.com/rust-lang/crates.io-index	7db719574990de7e8b0f55a8593ac92a5ccb42c8ce67b3e4bf05b139d5d9ee71	Apache-2.0
solana-pubkey	4.2.1	registry+https://github.com/rust-lang/crates.io-index	6ab5a422939ca3b81180f79c87f43600728e4c5513d6034902675f96df25d033	Apache-2.0
solana-rayon-threadlimit	4.2.1	registry+https://github.com/rust-lang/crates.io-index	3bb2a5053b25dccee924964f1b9a32b755cb6cb4bcff64d8b8d3bcea53bf78ac	Apache-2.0
solana-rent	4.3.0	registry+https://github.com/rust-lang/crates.io-index	39f0d780bf8e8a1fe8b5b5fce1acad6b209485b86dec246e7523d5e4a8b7c7fc	Apache-2.0
solana-reward-info	6.2.0	registry+https://github.com/rust-lang/crates.io-index	dc553b782111862cd6c56bdeba696dcba9722a42154ef1248c5a06ca1d983797	Apache-2.0
solana-rpc-client	4.2.1	registry+https://github.com/rust-lang/crates.io-index	b8b6e398f6df7a0d260d5adb1bc705b267432647f6d63c1f9084cf43cf60330c	Apache-2.0
solana-rpc-client-api	4.2.1	registry+https://github.com/rust-lang/crates.io-index	c6f007fc3629ffcda78189a82fee168322edc1c31cb0e792f468455c7bbe3153	Apache-2.0
solana-rpc-client-types	4.2.1	registry+https://github.com/rust-lang/crates.io-index	971b17e4f9371aecbf01846b0102f1cb1479da1d1bd98b67f9fd1b12e6ac591c	Apache-2.0
solana-runtime	4.2.1	registry+https://github.com/rust-lang/crates.io-index	71c5394546bf8e1a6408dc8b3562ea2cd03c402e8c96cc7dd492274d8b9f047a	Apache-2.0
solana-runtime-transaction	4.2.1	registry+https://github.com/rust-lang/crates.io-index	c38332c9f4978f36ea3a6ada645c734b73796c8af16fdabebff35792b74150f7	Apache-2.0
solana-sanitize	3.0.1	registry+https://github.com/rust-lang/crates.io-index	dcf09694a0fc14e5ffb18f9b7b7c0f15ecb6eac5b5610bf76a1853459d19daf9	Apache-2.0
solana-sbpf	0.21.1	registry+https://github.com/rust-lang/crates.io-index	d777d7a89267dd133e985113c7e7f820fb7cfd9123a4a350cf8b39ebae1920bc	Apache-2.0
solana-sdk-ids	3.1.0	registry+https://github.com/rust-lang/crates.io-index	def234c1956ff616d46c9dd953f251fa7096ddbaa6d52b165218de97882b7280	Apache-2.0
solana-sdk-macro	3.0.1	registry+https://github.com/rust-lang/crates.io-index	8765316242300c48242d84a41614cb3388229ec353ba464f6fe62a733e41806f	Apache-2.0
solana-secp256k1-program	3.0.1	registry+https://github.com/rust-lang/crates.io-index	ad4cf8232f7aef9ff2dd95d701f63e3c11909dec2400def5c361be29d24291e7	Apache-2.0
solana-secp256k1-recover	3.3.0	registry+https://github.com/rust-lang/crates.io-index	ce0d2e8d53946f04e789476d6c407e4997b7fb412483df5fc10c075c65cb2edf	Apache-2.0
solana-secp256r1-program	3.0.0	registry+https://github.com/rust-lang/crates.io-index	445d8e12592631d76fc4dc57858bae66c9fd7cc838c306c62a472547fc9d0ce6	Apache-2.0
solana-seed-derivable	3.0.0	registry+https://github.com/rust-lang/crates.io-index	ff7bdb72758e3bec33ed0e2658a920f1f35dfb9ed576b951d20d63cb61ecd95c	Apache-2.0
solana-seed-phrase	3.0.0	registry+https://github.com/rust-lang/crates.io-index	dc905b200a95f2ea9146e43f2a7181e3aeb55de6bc12afb36462d00a3c7310de	Apache-2.0
solana-send-transaction-service	4.2.1	registry+https://github.com/rust-lang/crates.io-index	9870462d7a17263aa79ef8a762e29d145170db71b193dc3b4e7b24807f1035bb	Apache-2.0
solana-serde	3.0.0	registry+https://github.com/rust-lang/crates.io-index	709a93cab694c70f40b279d497639788fc2ccbcf9b4aa32273d4b361322c02dd	Apache-2.0
solana-serde-varint	3.0.1	registry+https://github.com/rust-lang/crates.io-index	950e5b83e839dc0f92c66afc124bb8f40e89bc90f0579e8ec5499296d27f54e3	Apache-2.0
solana-serialize-utils	3.1.2	registry+https://github.com/rust-lang/crates.io-index	761357b0853c9623bf12c1d2314b3d6160a85b087b84c45224fb85766d22616b	Apache-2.0
solana-sha256-hasher	3.1.0	registry+https://github.com/rust-lang/crates.io-index	db7dc3011ea4c0334aaaa7e7128cb390ecf546b28d412e9bf2064680f57f588f	Apache-2.0
solana-sha512-hasher	1.0.1	registry+https://github.com/rust-lang/crates.io-index	11e10e103ab5bd52af341e7bc2f4123a2f4e66bb7ba4e6ca40f1e00cd6314e02	Apache-2.0
solana-short-vec	3.2.2	registry+https://github.com/rust-lang/crates.io-index	7d8250a4495aad49ad20556a607da53bdcb20de78da10b65afbf918b7f1de647	Apache-2.0
solana-shred-version	3.0.1	registry+https://github.com/rust-lang/crates.io-index	d6c79722e299d957958bf33695f7cd1ef6724ff55563c60fd9e3e24487cccde2	Apache-2.0
solana-signature	3.4.1	registry+https://github.com/rust-lang/crates.io-index	b0364c7577c3c82a693ce28a1febc8d1b5d1b0a175fdc2114ae6186b69effe1e	Apache-2.0
solana-signer	3.0.1	registry+https://github.com/rust-lang/crates.io-index	520bd6021163ee517f4bdc7ae03ded904f97e11320001ba0b3355f45eb14f558	Apache-2.0
solana-signer-store	0.1.0	registry+https://github.com/rust-lang/crates.io-index	36329bba208f0e41954389ae4ad5d973fe15952672cfd71a9b49deb7d2ecbc2f	Apache-2.0
solana-slot-hashes	3.1.0	registry+https://github.com/rust-lang/crates.io-index	5c7ce2b4b8911bf2db3de7b6266e67bfc21a6a9f8c566fb096d9782ca2ad16ee	Apache-2.0
solana-slot-history	3.1.0	registry+https://github.com/rust-lang/crates.io-index	40427c04d3e808493cb5e3d1a97cef84d7c15cb6f89b15c5684d0d4027105600	Apache-2.0
solana-stable-layout	3.0.1	registry+https://github.com/rust-lang/crates.io-index	c9f6a291ba063a37780af29e7db14bdd3dc447584d8ba5b3fc4b88e2bbc982fa	Apache-2.0
solana-stake-history	1.0.0	registry+https://github.com/rust-lang/crates.io-index	c736a6aa0e53b9d264d90b06589fc0996f49f882f3e71842ed754fc57ffc1a43	Apache-2.0
solana-stake-interface	4.3.0	registry+https://github.com/rust-lang/crates.io-index	252b4291eb25a5a356149ed4d4a940d5f655186210fa84b5d0d8d55c3dd42a81	Apache-2.0
solana-streamer	4.2.1	registry+https://github.com/rust-lang/crates.io-index	3383a0d01e0731c3cf3e6bfdef6928d56c0a604db39adc7256b4f1e643715d11	Apache-2.0
solana-svm	4.2.1	registry+https://github.com/rust-lang/crates.io-index	41e8ae0a5d0798c1ec33419b0ef18af83fd33e4574986baf59754f095035abc9	Apache-2.0
solana-svm-callback	4.2.1	registry+https://github.com/rust-lang/crates.io-index	3603ca4c273926155ace95887b30cd1e3918835737687bffa8a5d8749dcf0e91	Apache-2.0
solana-svm-feature-set	4.2.1	registry+https://github.com/rust-lang/crates.io-index	bda42b13c4748e47af89010e16a4391e1901be860beb93eedc0ccab66795fe50	Apache-2.0
solana-svm-log-collector	4.2.1	registry+https://github.com/rust-lang/crates.io-index	eec82e47b4ee1628f6f453f8ce8de5473458470fe60965e4d3be31fa82afdbea	Apache-2.0
solana-svm-measure	4.2.1	registry+https://github.com/rust-lang/crates.io-index	6b309b60870dc1821d363807cdd40097d52db1529aae04344f361995bb88b084	Apache-2.0
solana-svm-timings	4.2.1	registry+https://github.com/rust-lang/crates.io-index	44b30b0c61db8d711327c49ab2171984d564a93835ed77acb6aa2da0ecf434ba	Apache-2.0
solana-svm-transaction	4.2.0	registry+https://github.com/rust-lang/crates.io-index	736d2cec944c6f8f298a7bd8ada5eb318cca9ab859281b1300842fa0e9a25afa	Apache-2.0
solana-svm-type-overrides	4.2.1	registry+https://github.com/rust-lang/crates.io-index	9b6cc834d4a01719767e68b9d30c33c4162b2d818afc084cf310715ea087e64f	Apache-2.0
solana-syscalls	4.2.1	registry+https://github.com/rust-lang/crates.io-index	6976ef46df8e2fd9ce7cc6396a6cf29bcc37c882def849e7d6bc48bd621c88f8	Apache-2.0
solana-system-interface	2.0.0	registry+https://github.com/rust-lang/crates.io-index	4e1790547bfc3061f1ee68ea9d8dc6c973c02a163697b24263a8e9f2e6d4afa2	Apache-2.0
solana-system-interface	3.2.0	registry+https://github.com/rust-lang/crates.io-index	55b54965bf0b76fa8e2b35376583efddd4d916618cfe595bf48c7d7b55a9e628	Apache-2.0
solana-system-program	4.2.1	registry+https://github.com/rust-lang/crates.io-index	ba583e7a473426fab4c0b17fde848a6bb798b1ede5a14c4f13a3494a2e748fc6	Apache-2.0
solana-system-transaction	4.0.0	registry+https://github.com/rust-lang/crates.io-index	7a39522012be4127884bc611d65f58f1cf33a3afb7baee7e6774be90b48edc3c	Apache-2.0
solana-sysvar	4.1.0	registry+https://github.com/rust-lang/crates.io-index	ada7045bbfdd802af08fbc9c7e2b56ddabb20599d22e4c3840fcef5e7afb8324	Apache-2.0
solana-sysvar-id	3.1.0	registry+https://github.com/rust-lang/crates.io-index	17358d1e9a13e5b9c2264d301102126cf11a47fd394cdf3dec174fe7bc96e1de	Apache-2.0
solana-time-utils	3.0.0	registry+https://github.com/rust-lang/crates.io-index	0ced92c60aa76ec4780a9d93f3bd64dfa916e1b998eacc6f1c110f3f444f02c9	Apache-2.0
solana-tls-utils	4.2.1	registry+https://github.com/rust-lang/crates.io-index	7c4e62f076680c61c2e503703c86d11437523c30c78c0442e41d4288a06aa9f9	Apache-2.0
solana-tpu-client-next	4.2.1	registry+https://github.com/rust-lang/crates.io-index	7ac07118494d95c7d44470b31bf82aeb424b721d61937dc8a84a33120855a58b	Apache-2.0
solana-transaction	4.1.6	registry+https://github.com/rust-lang/crates.io-index	a8008008a75246adaf8b67411093a6d78db8232c74b00eff6041fd1da73679e7	Apache-2.0
solana-transaction-context	4.2.1	registry+https://github.com/rust-lang/crates.io-index	855e7e2bf38f3a8e18c9dc1f2a4d2fd947f52c81f4e3b73077a3827582be6e03	Apache-2.0
solana-transaction-error	3.3.2	registry+https://github.com/rust-lang/crates.io-index	054e54d15164b0c34cb744600a1a0330e9fd97a12d979f2eb95904c807a07713	Apache-2.0
solana-transaction-status-client-types	4.2.1	registry+https://github.com/rust-lang/crates.io-index	ffbd5a3d85ae247b69fa21578fdd9fbd965345390fddb60fe3586542e30ff98c	Apache-2.0
solana-unified-scheduler-logic	4.2.1	registry+https://github.com/rust-lang/crates.io-index	06f57ad7cf6cc429888e5e6be029e25dac9fc4ca97fb93da0a36ec46e3d37a43	Apache-2.0
solana-version	4.2.1	registry+https://github.com/rust-lang/crates.io-index	dcc9449982ced50bb21dc4ec401bb75db2e21880980b7c8506811d2ae473d130	Apache-2.0
solana-vote	4.2.1	registry+https://github.com/rust-lang/crates.io-index	516638bd33b95a9454f32bf13080058d5bb1881f288fb36f727951be806d0b88	Apache-2.0
solana-vote-interface	6.0.3	registry+https://github.com/rust-lang/crates.io-index	13a7a204b455a53fe8c9a26a6885391a5896835e06694dbe0cf37c580f82f128	Apache-2.0
solana-vote-program	4.2.1	registry+https://github.com/rust-lang/crates.io-index	7730ce2760d827ae57ef9b525edb5c65e046373c1a76a2f03d1bab70cbe4feec	Apache-2.0
solana-wincode-varint	1.0.0	registry+https://github.com/rust-lang/crates.io-index	6679e72a01dcfe7ff180f0e9d3a0d165e4e9664426930014f2702e7571c259c7	Apache-2.0
solana-zero-copy	1.2.0	registry+https://github.com/rust-lang/crates.io-index	bd3183a7934dd7e6490ae86732616cd70361f5ab9401b9a375ab62f7fa17b112	Apache-2.0
solana-zk-elgamal-proof-interface	0.1.3	registry+https://github.com/rust-lang/crates.io-index	d8da7f01db2148a1dc16261ff1dc6f3930a1e255a33cece4f1b56658694f27f7	Apache-2.0
solana-zk-elgamal-proof-program	4.2.1	registry+https://github.com/rust-lang/crates.io-index	816ee19bc9c5f7700c6153ebc513f3bacc71645bd174f78b73f66c9acf6e9485	Apache-2.0
solana-zk-sdk	5.0.1	registry+https://github.com/rust-lang/crates.io-index	09670ff59f60e6ddc2209c2e4353992a9b9f01d4e244f3e9d67bd5146e33d388	Apache-2.0
solana-zk-sdk-pod	0.1.2	registry+https://github.com/rust-lang/crates.io-index	a800583b7a4cea3e851686af162cc6e4712eef97fa91dfa9aca2459b95c84777	Apache-2.0
solana-zk-token-proof-program	4.2.1	registry+https://github.com/rust-lang/crates.io-index	2e81d7b076afb34121bb72f0d522cf4ff84a4adebd29ba0d73ae428299b60e5e	Apache-2.0
spki	0.7.3	registry+https://github.com/rust-lang/crates.io-index	d91ed6c858b01f942cd56b37a94b3e0a1798290327d1236e4d9cf4eaca44d29d	Apache-2.0 OR MIT
spl-discriminator	0.5.2	registry+https://github.com/rust-lang/crates.io-index	e597c5ff9ed7c74a54dbc47bae2f06e4db8c98f4356ad280200dc11878266db1	Apache-2.0
spl-discriminator-derive	0.2.0	registry+https://github.com/rust-lang/crates.io-index	d9e8418ea6269dcfb01c712f0444d2c75542c04448b480e87de59d2865edc750	Apache-2.0
spl-discriminator-syn	0.2.1	registry+https://github.com/rust-lang/crates.io-index	5d1dbc82ab91422345b6df40a79e2b78c7bce1ebb366da323572dd60b7076b67	Apache-2.0
spl-generic-token	2.0.1	registry+https://github.com/rust-lang/crates.io-index	233df81b75ab99b42f002b5cdd6e65a7505ffa930624f7096a7580a56765e9cf	Apache-2.0
spl-memo-interface	2.1.0	registry+https://github.com/rust-lang/crates.io-index	3745d384b0afee980d43d62b66c27bdcbbd03507732b8d3626d3413cb72084f2	Apache-2.0
spl-token-2022-interface	3.1.1	registry+https://github.com/rust-lang/crates.io-index	821d96d034ea31c4965d182c742153c491ae0abee531331b55771086c5030d86	Apache-2.0
spl-token-confidential-transfer-proof-extraction	0.6.1	registry+https://github.com/rust-lang/crates.io-index	0c1a845ec724e807643a04f1d43439ee3571dd913848112ac76aa90b850eaf7c	Apache-2.0
spl-token-group-interface	0.7.2	registry+https://github.com/rust-lang/crates.io-index	841cbd6f2322d02719be4da1affedbe6495b1048b7b985ec9796032564026e22	Apache-2.0
spl-token-interface	3.0.0	registry+https://github.com/rust-lang/crates.io-index	7143c4e676984047a400e2fbd7ac29a1659f2b1b52b897cfde19316b562e4589	Apache-2.0
spl-token-metadata-interface	1.0.1	registry+https://github.com/rust-lang/crates.io-index	3d3d96f175e7022ff200464dfa75a3708a4e9b70c83c4ecd04fe52ee479f4fef	Apache-2.0
spl-type-length-value	0.9.1	registry+https://github.com/rust-lang/crates.io-index	2504631748c48d2a937414d64a12dcac4588d34bd07d355d648619c189d29435	Apache-2.0
stable_deref_trait	1.2.1	registry+https://github.com/rust-lang/crates.io-index	6ce2be8dc25455e1f91df71bfa12ad37d7af1092ae736f3a6cd0e37bc7810596	MIT OR Apache-2.0
static_assertions	1.1.0	registry+https://github.com/rust-lang/crates.io-index	a2eb9349b6444b326872e140eb1cf5e7c522154d69e7a0ffb0fb81c06b37543f	MIT OR Apache-2.0
strsim	0.11.1	registry+https://github.com/rust-lang/crates.io-index	7da8b5736845d9f2fcb837ea5d9e2628564b3b043a70948a3f0b778838c5fb4f	MIT
strum	0.28.0	registry+https://github.com/rust-lang/crates.io-index	9628de9b8791db39ceda2b119bbe13134770b56c138ec1d3af810d045c04f9bd	MIT
strum_macros	0.28.0	registry+https://github.com/rust-lang/crates.io-index	ab85eea0270ee17587ed4156089e10b9e6880ee688791d45a905f5b1ca36f664	MIT
subtle	2.6.1	registry+https://github.com/rust-lang/crates.io-index	13c2bddecc57b384dee18652358fb23172facb8a2c51ccc10d74c157bdea3292	BSD-3-Clause
symlink	0.1.0	registry+https://github.com/rust-lang/crates.io-index	a7973cce6668464ea31f176d85b13c7ab3bba2cb3b77a2ed26abd7801688010a	MIT/Apache-2.0
syn	1.0.109	registry+https://github.com/rust-lang/crates.io-index	72b64191b275b66ffe2469e8af2c1cfe3bafa67b529ead792a6d0160888b4237	MIT OR Apache-2.0
syn	2.0.119	registry+https://github.com/rust-lang/crates.io-index	872831b642d1a07999a962a351ed35b955ea2cfc8f3862091e2a240a84f17297	MIT OR Apache-2.0
syn	3.0.3	registry+https://github.com/rust-lang/crates.io-index	53e9bae58849f64dfa4f5d5ae372c8341f7305f82a3868709269343628b659a3	MIT OR Apache-2.0
sync_wrapper	1.0.2	registry+https://github.com/rust-lang/crates.io-index	0bf256ce5efdfa370213c1dabab5935a12e49f2c58d15e9eac2870d3b4f27263	Apache-2.0
synstructure	0.13.2	registry+https://github.com/rust-lang/crates.io-index	728a70f3dbaf5bab7f0c4b1ac8d7ae5ea60a4b5549c8a5914361c99147a709d2	MIT
tap	1.0.1	registry+https://github.com/rust-lang/crates.io-index	55937e1799185b12863d447f42597ed69d9928686b8d88a1df17376a097d8369	MIT
tar	0.4.46	registry+https://github.com/rust-lang/crates.io-index	3f6221d9a6003c78398e3b239969f352578258df48c8eb051caadae0015bc840	MIT OR Apache-2.0
tarpc	0.29.0	registry+https://github.com/rust-lang/crates.io-index	1c38a012bed6fb9681d3bf71ffaa4f88f3b4b9ed3198cda6e4c8462d24d4bb80	MIT
tarpc-plugins	0.12.0	registry+https://github.com/rust-lang/crates.io-index	0ee42b4e559f17bce0385ebf511a7beb67d5cc33c12c96b7f4e9789919d9c10f	MIT
tempfile	3.27.0	registry+https://github.com/rust-lang/crates.io-index	32497e9a4c7b38532efcdebeef879707aa9f794296a4f0244f6f69e9bc8574bd	MIT OR Apache-2.0
termtree	0.5.1	registry+https://github.com/rust-lang/crates.io-index	8f50febec83f5ee1df3015341d8bd429f2d1cc62bcba7ea2076759d315084683	MIT
thiserror	1.0.69	registry+https://github.com/rust-lang/crates.io-index	b6aaf5339b578ea85b50e080feb250a3e8ae8cfcdff9a461c9ec2904bc923f52	MIT OR Apache-2.0
thiserror	2.0.20	registry+https://github.com/rust-lang/crates.io-index	ec86235f5fcc2a73650310756d2ac5b138a5780bbbdfae3eeccec992c435ba4f	MIT OR Apache-2.0
thiserror-impl	1.0.69	registry+https://github.com/rust-lang/crates.io-index	4fee6c4efc90059e10f81e6d42c60a18f76588c3d74cb83a0b242a2b6c7504c1	MIT OR Apache-2.0
thiserror-impl	2.0.20	registry+https://github.com/rust-lang/crates.io-index	bc04cd3e1236dd4a98afca4569f2deb3f120e5422a4023be2cb683f8486292af	MIT OR Apache-2.0
thread_local	1.1.10	registry+https://github.com/rust-lang/crates.io-index	1ad99c4c6d32803332c548b1af0540b357b3f5fc0be8f6c6bfe8b2e6ae784070	MIT OR Apache-2.0
threadpool	1.8.1	registry+https://github.com/rust-lang/crates.io-index	d050e60b33d41c19108b32cea32164033a9013fe3b46cbd4457559bfbf77afaa	MIT/Apache-2.0
time	0.3.55	registry+https://github.com/rust-lang/crates.io-index	cdb87b95ec50ddfa440816d227a17b2ccbdda963a316a727fda0fc4334f7d134	MIT OR Apache-2.0
time-core	0.1.9	registry+https://github.com/rust-lang/crates.io-index	9e1c906769ad99c88eaa54e728060edef082f8e358ff32030cb7c7d315e81109	MIT OR Apache-2.0
time-macros	0.2.32	registry+https://github.com/rust-lang/crates.io-index	7e689342a48d2ea927c87ea50cabf8594854bf940e9310208848d680d668ed85	MIT OR Apache-2.0
tinystr	0.8.4	registry+https://github.com/rust-lang/crates.io-index	b1e27c91459209c2986af3dcf603a5a74a4368754ce37414f59acc971167f643	Unicode-3.0
tinyvec	1.12.0	registry+https://github.com/rust-lang/crates.io-index	bb4ebadaa0af04fab11ae01eb5f9fdb5f9c5b875506e210e71c07873528baa7f	Zlib OR Apache-2.0 OR MIT
tinyvec_macros	0.1.1	registry+https://github.com/rust-lang/crates.io-index	1f3ccbac311fea05f86f61904b462b55fb3df8837a366dfc601a0161d0532f20	MIT OR Apache-2.0 OR Zlib
tokio	1.53.1	registry+https://github.com/rust-lang/crates.io-index	202caea871b69668250d242070849eb495be178ed697a3e98aebce5bc81a0bed	MIT
tokio-macros	2.7.2	registry+https://github.com/rust-lang/crates.io-index	78773a2a397f451582ce068015985c33193cf6dea8b74d2a639fe457b2f07b0e	MIT
tokio-rustls	0.26.4	registry+https://github.com/rust-lang/crates.io-index	1729aa945f29d91ba541258c8df89027d5792d85a8841fb65e8bf0f4ede4ef61	MIT OR Apache-2.0
tokio-serde	0.8.0	registry+https://github.com/rust-lang/crates.io-index	911a61637386b789af998ee23f50aa30d5fd7edcec8d6d3dedae5e5815205466	MIT OR Apache-2.0
tokio-util	0.6.10	registry+https://github.com/rust-lang/crates.io-index	36943ee01a6d67977dd3f84a5a1d2efeb4ada3a1ae771cadfaa535d9d9fc6507	MIT
tokio-util	0.7.19	registry+https://github.com/rust-lang/crates.io-index	494815d09bf52b5548659851081238f0ca39ff638363907596da739561c62c52	MIT
toml_datetime	1.1.1+spec-1.1.0	registry+https://github.com/rust-lang/crates.io-index	3165f65f62e28e0115a00b2ebdd37eb6f3b641855f9d636d3cd4103767159ad7	MIT OR Apache-2.0
toml_edit	0.25.13+spec-1.1.0	registry+https://github.com/rust-lang/crates.io-index	6975367e4d2ef766d86af01ffad14b622fecc8d4357a998fbc4deb6e9bacaf9b	MIT OR Apache-2.0
toml_parser	1.1.3+spec-1.1.0	registry+https://github.com/rust-lang/crates.io-index	1d38ac1cf9b95face32296c0a3ede1fdc270627c9d9c02a7274dd6d960dc4d56	MIT OR Apache-2.0
tower	0.5.3	registry+https://github.com/rust-lang/crates.io-index	ebe5ef63511595f1344e2d5cfa636d973292adc0eec1f0ad45fae9f0851ab1d4	MIT
tower-http	0.6.11	registry+https://github.com/rust-lang/crates.io-index	4cfcf7e2740e6fc6d4d688b4ef00650406bb94adf4731e43c096c3a19fe40840	MIT
tower-layer	0.3.3	registry+https://github.com/rust-lang/crates.io-index	121c2a6cda46980bb0fcd1647ffaf6cd3fc79a013de288782836f6df9c48780e	MIT
tower-service	0.3.3	registry+https://github.com/rust-lang/crates.io-index	8df9b6e13f2d32c91b9bd719c00d1958837bc7dec474d94952798cc8e69eeec3	MIT
tracing	0.1.44	registry+https://github.com/rust-lang/crates.io-index	63e71662fa4b2a2c3a26f570f037eb95bb1f85397f3cd8076caed2f026a6d100	MIT
tracing-attributes	0.1.31	registry+https://github.com/rust-lang/crates.io-index	7490cfa5ec963746568740651ac6781f701c9c5ea257c58e057f3ba8cf69e8da	MIT
tracing-core	0.1.36	registry+https://github.com/rust-lang/crates.io-index	db97caf9d906fbde555dd62fa95ddba9eecfd14cb388e4f491a66d74cd5fb79a	MIT
tracing-opentelemetry	0.17.4	registry+https://github.com/rust-lang/crates.io-index	fbbe89715c1dbbb790059e2565353978564924ee85017b5fff365c872ff6721f	MIT
tracing-subscriber	0.3.23	registry+https://github.com/rust-lang/crates.io-index	cb7f578e5945fb242538965c2d0b04418d38ec25c79d160cd279bf0731c8d319	MIT
try-lock	0.2.5	registry+https://github.com/rust-lang/crates.io-index	e421abadd41a4225275504ea4d6566923418b7f05506fbc9c0fe86ba7396114b	MIT
typenum	1.20.1	registry+https://github.com/rust-lang/crates.io-index	b6f5e870be6c3b371b77fe0ee0bafb859fa4964b4404c27de1d380043c4dda20	MIT OR Apache-2.0
unicode-ident	1.0.24	registry+https://github.com/rust-lang/crates.io-index	e6e4313cd5fcd3dad5cafa179702e2b244f760991f45397d14d4ebf38247da75	(MIT OR Apache-2.0) AND Unicode-3.0
universal-hash	0.5.1	registry+https://github.com/rust-lang/crates.io-index	fc1de2c688dc15305988b563c3854064043356019f97a4b46276fe734c4f07ea	MIT OR Apache-2.0
unreachable	1.0.0	registry+https://github.com/rust-lang/crates.io-index	382810877fe448991dfc7f0dd6e3ae5d58088fd0ea5e35189655f84e6814fa56	MIT / Apache-2.0
untrusted	0.9.0	registry+https://github.com/rust-lang/crates.io-index	8ecb6da28b8a351d773b68d5825ac39017e680750f980f3a1a85cd8dd28a47c1	ISC
unwrap_none	0.1.2	registry+https://github.com/rust-lang/crates.io-index	461d0c5956fcc728ecc03a3a961e4adc9a7975d86f6f8371389a289517c02ca9	MIT
uriparse	0.6.4	registry+https://github.com/rust-lang/crates.io-index	0200d0fc04d809396c2ad43f3c95da3582a2556eba8d453c1087f4120ee352ff	MIT
url	2.5.8	registry+https://github.com/rust-lang/crates.io-index	ff67a8a4397373c3ef660812acab3268222035010ab8680ec4215f38ba3d0eed	MIT OR Apache-2.0
utf8_iter	1.0.4	registry+https://github.com/rust-lang/crates.io-index	b6c140620e7ffbb22c2dee59cafe6084a59b5ffc27a8859a5f0d494b5d52b6be	Apache-2.0 OR MIT
utf8parse	0.2.2	registry+https://github.com/rust-lang/crates.io-index	06abde3611657adf66d383f00b093d7faecc7fa57071cce2578660c9f1010821	Apache-2.0 OR MIT
valuable	0.1.1	registry+https://github.com/rust-lang/crates.io-index	ba73ea9cf16a25df0c8caa16c51acb937d5712a8429db78a3ee29d5dcacd3a65	MIT
vcpkg	0.2.15	registry+https://github.com/rust-lang/crates.io-index	accd4ea62f7bb7a82fe23066fb0957d48ef677f6eeb8215f372f52e48bb32426	MIT/Apache-2.0
version_check	0.9.5	registry+https://github.com/rust-lang/crates.io-index	0b928f33d975fc6ad9f86c8f283853ad26bdd5b10b7f1542aa2fa15e2289105a	MIT/Apache-2.0
void	1.0.2	registry+https://github.com/rust-lang/crates.io-index	6a02e4885ed3bc0f2de90ea6dd45ebcbb66dacffe03547fadbb0eeae2770887d	MIT
walkdir	2.5.0	registry+https://github.com/rust-lang/crates.io-index	29790946404f91d9c5d06f9874efddea1dc06c5efe94541a7d6863108e3a5e4b	Unlicense/MIT
want	0.3.1	registry+https://github.com/rust-lang/crates.io-index	bfa7760aed19e106de2c7c0b581b509f2f25d3dacaf737cb82ac61bc6d760b0e	MIT
wasi	0.11.1+wasi-snapshot-preview1	registry+https://github.com/rust-lang/crates.io-index	ccf3ec651a847eb01de73ccad15eb7d99f80485de043efb2f370cd654f4ea44b	Apache-2.0 WITH LLVM-exception OR Apache-2.0 OR MIT
wasi	0.9.0+wasi-snapshot-preview1	registry+https://github.com/rust-lang/crates.io-index	cccddf32554fecc6acb585f82a32a72e28b48f8c4c1883ddfeeeaa96f7d8e519	Apache-2.0 WITH LLVM-exception OR Apache-2.0 OR MIT
wasip2	1.0.4+wasi-0.2.12	registry+https://github.com/rust-lang/crates.io-index	b67efb37e106e55ce722a510d6b5f9c17f083e5fc79afc2badeb12cc313d9487	Apache-2.0 WITH LLVM-exception OR Apache-2.0 OR MIT
wasm-bindgen	0.2.127	registry+https://github.com/rust-lang/crates.io-index	1b70935747edd64d89de3efa29d73789b806c15798f8e7dca4d8ac356b50ce70	MIT OR Apache-2.0
wasm-bindgen-futures	0.4.77	registry+https://github.com/rust-lang/crates.io-index	6b7777d5cc23d0e91404e53ce2d5e8ec7acae3026b16233dba62cd3246457950	MIT OR Apache-2.0
wasm-bindgen-macro	0.2.127	registry+https://github.com/rust-lang/crates.io-index	77775f8f3f7217702089053b94958f8f54061a3f663417df76e19cbdcca29bc1	MIT OR Apache-2.0
wasm-bindgen-macro-support	0.2.127	registry+https://github.com/rust-lang/crates.io-index	e11d33f857dc2fb11b8bc75aee111aa9cbeb12cd9f25efd3d4c2a3dd4e235284	MIT OR Apache-2.0
wasm-bindgen-shared	0.2.127	registry+https://github.com/rust-lang/crates.io-index	7ef64dbcc55df09c7e5a46182d181c2cfa3e925f3da937ea764728b4bbb9dcbf	MIT OR Apache-2.0
web-sys	0.3.104	registry+https://github.com/rust-lang/crates.io-index	c435338968042f4f59a557f690a253676d47ce13ceb55d70100e7facf6620a30	MIT OR Apache-2.0
web-time	1.1.0	registry+https://github.com/rust-lang/crates.io-index	5a6580f308b1fad9207618087a65c04e7a10bc77e02c8e84e9b00dd4b12fa0bb	MIT OR Apache-2.0
webpki-root-certs	1.0.9	registry+https://github.com/rust-lang/crates.io-index	b96554aa2acc8ccdb7e1c9a58a7a68dd5d13bccc69cd124cb09406db612a1c9b	CDLA-Permissive-2.0
webpki-roots	1.0.9	registry+https://github.com/rust-lang/crates.io-index	7dcd9d09a39985f5344844e66b0c530a33843579125f23e21e9f0f220850f22a	CDLA-Permissive-2.0
wide	0.7.33	registry+https://github.com/rust-lang/crates.io-index	0ce5da8ecb62bcd8ec8b7ea19f69a51275e91299be594ea5cc6ef7819e16cd03	Zlib OR Apache-2.0 OR MIT
winapi	0.3.9	registry+https://github.com/rust-lang/crates.io-index	5c839a674fcd7a98952e593242ea400abe93992746761e38641405d28b00f419	MIT/Apache-2.0
winapi-i686-pc-windows-gnu	0.4.0	registry+https://github.com/rust-lang/crates.io-index	ac3b87c63620426dd9b991e5ce0329eff545bccbbb34f3be09ff6fb6ab51b7b6	MIT/Apache-2.0
winapi-util	0.1.11	registry+https://github.com/rust-lang/crates.io-index	c2a7b1c03c876122aa43f3020e6c3c3ee5c05081c9a00739faf7503aeba10d22	Unlicense OR MIT
winapi-x86_64-pc-windows-gnu	0.4.0	registry+https://github.com/rust-lang/crates.io-index	712e227841d057c1ee1cd2fb22fa7e5a5461ae8e48fa2ca79ec42cfc1931183f	MIT/Apache-2.0
wincode	0.5.5	registry+https://github.com/rust-lang/crates.io-index	66d967db7705dc29120bb6e8ce5b5a2e27734ed5976d1c904e95bd238d1c3c5a	Apache-2.0
wincode-derive	0.4.6	registry+https://github.com/rust-lang/crates.io-index	15ab90b719560d0fda79c74550ad1c948d17b118765942838055ebaf34d67071	Apache-2.0
windows-core	0.62.2	registry+https://github.com/rust-lang/crates.io-index	b8e83a14d34d0623b51dce9581199302a221863196a1dde71a7663a4c2be9deb	MIT OR Apache-2.0
windows-implement	0.60.2	registry+https://github.com/rust-lang/crates.io-index	053e2e040ab57b9dc951b72c264860db7eb3b0200ba345b4e4c3b14f67855ddf	MIT OR Apache-2.0
windows-interface	0.59.3	registry+https://github.com/rust-lang/crates.io-index	3f316c4a2570ba26bbec722032c4099d8c8bc095efccdc15688708623367e358	MIT OR Apache-2.0
windows-link	0.2.1	registry+https://github.com/rust-lang/crates.io-index	f0805222e57f7521d6a62e36fa9163bc891acd422f971defe97d64e70d0a4fe5	MIT OR Apache-2.0
windows-result	0.4.1	registry+https://github.com/rust-lang/crates.io-index	7781fa89eaf60850ac3d2da7af8e5242a5ea78d1a11c49bf2910bb5a73853eb5	MIT OR Apache-2.0
windows-strings	0.5.1	registry+https://github.com/rust-lang/crates.io-index	7837d08f69c77cf6b07689544538e017c1bfcf57e34b4c0ff58e6c2cd3b37091	MIT OR Apache-2.0
windows-sys	0.52.0	registry+https://github.com/rust-lang/crates.io-index	282be5f36a8ce781fad8c8ae18fa3f9beff57ec1b52cb3de0789201425d9a33d	MIT OR Apache-2.0
windows-sys	0.61.2	registry+https://github.com/rust-lang/crates.io-index	ae137229bcbd6cdf0f7b80a31df61766145077ddf49416a728b02cb3921ff3fc	MIT OR Apache-2.0
windows-targets	0.52.6	registry+https://github.com/rust-lang/crates.io-index	9b724f72796e036ab90c1021d4780d4d3d648aca59e491e6b98e725b84e99973	MIT OR Apache-2.0
windows_aarch64_gnullvm	0.52.6	registry+https://github.com/rust-lang/crates.io-index	32a4622180e7a0ec044bb555404c800bc9fd9ec262ec147edd5989ccd0c02cd3	MIT OR Apache-2.0
windows_aarch64_msvc	0.52.6	registry+https://github.com/rust-lang/crates.io-index	09ec2a7bb152e2252b53fa7803150007879548bc709c039df7627cabbd05d469	MIT OR Apache-2.0
windows_i686_gnu	0.52.6	registry+https://github.com/rust-lang/crates.io-index	8e9b5ad5ab802e97eb8e295ac6720e509ee4c243f69d781394014ebfe8bbfa0b	MIT OR Apache-2.0
windows_i686_gnullvm	0.52.6	registry+https://github.com/rust-lang/crates.io-index	0eee52d38c090b3caa76c563b86c3a4bd71ef1a819287c19d586d7334ae8ed66	MIT OR Apache-2.0
windows_i686_msvc	0.52.6	registry+https://github.com/rust-lang/crates.io-index	240948bc05c5e7c6dabba28bf89d89ffce3e303022809e73deaefe4f6ec56c66	MIT OR Apache-2.0
windows_x86_64_gnu	0.52.6	registry+https://github.com/rust-lang/crates.io-index	147a5c80aabfbf0c7d901cb5895d1de30ef2907eb21fbbab29ca94c5b08b1a78	MIT OR Apache-2.0
windows_x86_64_gnullvm	0.52.6	registry+https://github.com/rust-lang/crates.io-index	24d5b23dc417412679681396f2b49f3de8c1473deb516bd34410872eff51ed0d	MIT OR Apache-2.0
windows_x86_64_msvc	0.52.6	registry+https://github.com/rust-lang/crates.io-index	589f6da84c646204747d1270a2a5661ea66ed1cced2631d546fdfb155959f9ec	MIT OR Apache-2.0
winnow	1.0.4	registry+https://github.com/rust-lang/crates.io-index	23b97319f7b8343df12cc98938e5c3eb436064524c8d2b4e30a1d3a36eecdf81	MIT
wit-bindgen	0.57.1	registry+https://github.com/rust-lang/crates.io-index	1ebf944e87a7c253233ad6766e082e3cd714b5d03812acc24c318f549614536e	Apache-2.0 WITH LLVM-exception OR Apache-2.0 OR MIT
writeable	0.6.4	registry+https://github.com/rust-lang/crates.io-index	3ad82d2a33cdc9674dc7465672f271e096168fcdbe0f799d9e6db8c5892679dc	Unicode-3.0
wyz	0.5.1	registry+https://github.com/rust-lang/crates.io-index	05f360fc0b24296329c78fda852a1e9ae82de9cf7b27dae4b7f62f118f77b9ed	MIT
x509-parser	0.18.1	registry+https://github.com/rust-lang/crates.io-index	d43b0f71ce057da06bc0851b23ee24f3f86190b07203dd8f567d0b706a185202	MIT OR Apache-2.0
xattr	1.6.1	registry+https://github.com/rust-lang/crates.io-index	32e45ad4206f6d2479085147f02bc2ef834ac85886624a23575ae137c8aa8156	MIT OR Apache-2.0
yoke	0.8.3	registry+https://github.com/rust-lang/crates.io-index	709fe23a0424b6a435d82152b1bd3fdfb0833487d5fa90d05d42762a9891fef5	Unicode-3.0
yoke-derive	0.8.2	registry+https://github.com/rust-lang/crates.io-index	de844c262c8848816172cef550288e7dc6c7b7814b4ee56b3e1553f275f1858e	Unicode-3.0
zerocopy	0.8.56	registry+https://github.com/rust-lang/crates.io-index	556764e583adb45a9f8d413c2a147fa7e8d821e48e12b14fd560b607998b75eb	BSD-2-Clause OR Apache-2.0 OR MIT
zerocopy-derive	0.8.56	registry+https://github.com/rust-lang/crates.io-index	f2ab42fc20575779bd240faa45f94a74256f755c0fa9e89f0ede20d91d0cdfc1	BSD-2-Clause OR Apache-2.0 OR MIT
zerofrom	0.1.8	registry+https://github.com/rust-lang/crates.io-index	0ec05a11813ea801ff6d75110ad09cd0824ddba17dfe17128ea0d5f68e6c5272	Unicode-3.0
zerofrom-derive	0.1.7	registry+https://github.com/rust-lang/crates.io-index	11532158c46691caf0f2593ea8358fed6bbf68a0315e80aae9bd41fbade684a1	Unicode-3.0
zeroize	1.9.0	registry+https://github.com/rust-lang/crates.io-index	e13c156562582aa81c60cb29407084cdb54c4164760106ab78e6c5b0858cf64e	Apache-2.0 OR MIT
zeroize_derive	1.5.0	registry+https://github.com/rust-lang/crates.io-index	3c50655cbb0fe3fc43170059e702f1ce5e19b84cec58dc87b037a09935c2f328	Apache-2.0 OR MIT
zerotrie	0.2.5	registry+https://github.com/rust-lang/crates.io-index	4ea269c3bd32f0a32c321907a2ae912ba6f4649bb0fc764a15627e99a7095a3f	Unicode-3.0
zerovec	0.11.7	registry+https://github.com/rust-lang/crates.io-index	94b5c6b5976d66c1d703c4fd17d3f5e43c8cedaacf604961b171adc7130896d8	Unicode-3.0
zerovec-derive	0.11.5	registry+https://github.com/rust-lang/crates.io-index	9f212a141d820099d57ffafb9569be9617a6f27d3dc881fbee8fb56642f917a9	Unicode-3.0
zmij	1.0.23	registry+https://github.com/rust-lang/crates.io-index	29666d0abbfad1e3dc4dcf6144730dd3a3ab225bbbdac83319345b1b44ccfc1b	MIT
zstd	0.13.3	registry+https://github.com/rust-lang/crates.io-index	e91ee311a569c327171651566e07972200e76fcfe2242a4fa446149a3881c08a	MIT
zstd-safe	7.2.4	registry+https://github.com/rust-lang/crates.io-index	8f49c4d5f0abb602a93fb8736af2a4f4dd9512e36f7f570d66e65ff867ed3b9d	MIT OR Apache-2.0
zstd-sys	2.0.16+zstd.1.5.7	registry+https://github.com/rust-lang/crates.io-index	91e19ebc2adc8f83e43039e79776e3fda8ca919132d68a1fed6a5faca2683748	MIT/Apache-2.0
